row_id,1161364,116570,1176823,1491113,1595929,209233,22930,22956,22961,22967,22973,22983,22985,23150,23154,23158,23176,23724,24279,24285,24287,24321,244024,25073,25092,25214,326272,41970,43435,47144,47158son01,47158son02,47158son03,47158son04,47158son05,47158son06,47158son07,47158son08,47158son09,47158son10,47158son11,47158son12,47158son13,47158son14,47158son15,47158son16,47158son17,47158son18,47158son19,47158son20,47158son21,47158son22,47158son23,47158son24,47158son25,476521,516975,517063,555123,555145,555146,64898,65377,65380,66971,67107,67252,70711,738183,74113,74580,760266,ashgre1,astcra1,bafcur1,baffal1,banana,barant1,batbel1,baymac,bbwduc,bcwfin2,bkcdon,bkhpar,blchaw1,blheag1,blttit1,bncfly,bobfly1,brcmar1,brnowl,bucmot4,bucpar,bufpar,bunibi1,burowl,camfli1,chacha1,chbmoc1,chobla1,chvcon1,cibspi1,coffal1,compau,compot1,crbthr1,crebec1,dwatin1,epaori4,eulfly1,fabwre1,fepowl,ficman1,flawar1,fotfly,fusfly1,gilhum1,giwrai1,glteme1,grasal3,greani1,greant1,greela,grekis,grepot1,gretho2,greyel,grfdov1,grhtan1,gycwor1,horscr1,houspa,hyamac1,larela1,lesela1,lesgrf1,limpki,linwoo1,litcuc2,litnig1,mabpar,magant1,magtan2,masgna1,nacnig1,ocecra1,oliwoo1,orbtro3,orwpar,osprey,pabspi1,palhor3,paltan1,phecuc1,picpig2,pirfly1,plasla1,platyr1,plcjay1,pluibi1,purjay1,pvttyr1,ragmac1,rebscy1,recfin1,redjun,relser1,rinkin1,rivwar1,roahaw,rubthr1,rufcac2,rufcas2,rufgna3,rufhor2,rufnig1,ruftho1,ruftof1,rumfly1,ruther1,rutjac1,sabspa1,saffin,saytan1,scadov1,schpar1,scther1,shcfly1,shshaw,shtnig1,sibtan2,smbani,smbtin1,sobcac1,sobtyr1,socfly1,sofspi1,souant1,soulap1,souscr1,spbant3,spispi1,sptnig1,squcuc1,stbwoo2,strcuc1,strher2,strowl1,swthum1,swtman1,tattin1,thlwre1,toctou1,trokin,trsowl,undtin1,varant1,watjac1,wesfie1,wfwduc1,whbant2,whbwar2,whiwoo1,whlspi1,whnjay1,whtdov,whwpic1,y00678,yebcar,yebela1,yecmac,yecpar,yehcar1,yeofly1
BC2026_Train_0001_S08_20250606_030007_5,0.0042735045,0.0042735045,0.0042735045,0.0042735045,0.0042735045,0.0042735045,0.0042735045,0.0042735045,0.0042735045,0.0042735045,0.0042735045,0.0042735045,0.0042735045,0.0042735045,0.0042735045,0.0042735045,0.0042735045,0.0042735045,0.0042735045,0.0042735045,0.0042735045,0.0042735045,0.0042735045,0.0042735045,0.0042735045,0.0042735045,0.0042735045,0.0042735045,0.0042735045,0.0042735045,0.0042735045,0.0042735045,0.0042735045,0.0042735045,0.0042735045,0.0042735045,0.0042735045,0.0042735045,0.0042735045,0.0042735045,0.0042735045,0.0042735045,0.0042735045,0.0042735045,0.0042735045,0.0042735045,0.0042735045,0.0042735045,0.0042735045,0.0042735045,0.0042735045,0.0042735045,0.0042735045,0.0042735045,0.0042735045,0.0042735045,0.0042735045,0.0042735045,0.0042735045,0.0042735045,0.0042735045,0.0042735045,0.0042735045,0.0042735045,0.0042735045,0.0042735045,0.0042735045,0.0042735045,0.0042735045,0.0042735045,0.0042735045,0.0042735045,0.0042735045,0.0042735045,0.0042735045,0.0042735045,0.5438686,0.0042735045,0.0042735045,0.0042735045,0.0042735045,0.0042735045,0.0042735045,0.0042735045,0.0042735045,0.0042735045,0.0042735045,0.0042735045,0.0042735045,0.0042735045,0.0042735045,0.0042735045,0.0042735045,0.0042735045,0.0042735045,0.0042735045,0.0042735045,0.0042735045,0.0042735045,0.0042735045,0.0042735045,0.0042735045,0.7850697,0.83272594,0.0042735045,0.0042735045,0.0042735045,0.0042735045,0.0042735045,0.0042735045,0.0042735045,0.67967874,0.0042735045,0.0042735045,0.0042735045,0.0042735045,0.0042735045,0.0042735045,0.0042735045,0.0042735045,0.0042735045,0.0042735045,0.0042735045,0.0042735045,0.0042735045,0.0042735045,0.0042735045,0.0042735045,0.0042735045,0.0042735045,0.0042735045,0.11581911,0.0042735045,0.0042735045,0.0042735045,0.0042735045,0.0042735045,0.0042735045,0.0042735045,0.0042735045,0.0042735045,0.0042735045,0.0042735045,0.0042735045,0.0042735045,0.0042735045,0.0042735045,0.0042735045,0.0042735045,0.013406944,0.0042735045,0.0042735045,0.0042735045,0.0042735045,0.0042735045,0.0042735045,0.0042735045,0.0042735045,0.0042735045,0.0042735045,0.0042735045,0.0042735045,0.0042735045,0.0042735045,0.0042735045,0.0042735045,0.0042735045,0.0042735045,0.0042735045,0.0042735045,0.98074716,0.0042735045,0.0042735045,0.0042735045,0.0042735045,0.0042735045,0.0042735045,0.0042735045,0.0042735045,0.0042735045,0.0042735045,0.0042735045,0.0042735045,0.0042735045,0.0042735045,0.0042735045,0.0042735045,0.0042735045,0.0042735045,0.0042735045,0.0042735045,0.0042735045,0.0042735045,0.0042735045,0.0042735045,0.85346705,0.0042735045,0.0042735045,0.31368083,0.0042735045,0.0042735045,0.0042735045,0.0042735045,0.0042735045,0.0042735045,0.0042735045,0.0042735045,0.0042735045,0.0042735045,0.0042735045,0.0042735045,0.0042735045,0.0042735045,0.0042735045,0.0042735045,0.0042735045,0.0042735045,0.0042735045,0.0042735045,0.0042735045,0.0042735045,0.0042735045,0.0042735045,0.0042735045,0.0042735045,0.0042735045,0.0042735045,0.0042735045,0.0042735045,0.0042735045,0.0042735045,0.0042735045,0.0042735045,0.9267844
BC2026_Train_0001_S08_20250606_030007_10,0.0042735045,0.0042735045,0.0042735045,0.0042735045,0.0042735045,0.0042735045,0.0042735045,0.0042735045,0.0042735045,0.0042735045,0.0042735045,0.0042735045,0.0042735045,0.0042735045,0.0042735045,0.0042735045,0.0042735045,0.0042735045,0.0042735045,0.0042735045,0.0042735045,0.0042735045,0.0042735045,0.0042735045,0.0042735045,0.0042735045,0.0042735045,0.0042735045,0.0042735045,0.0042735045,0.0042735045,0.0042735045,0.0042735045,0.0042735045,0.0042735045,0.0042735045,0.0042735045,0.0042735045,0.0042735045,0.0042735045,0.0042735045,0.0042735045,0.0042735045,0.0042735045,0.0042735045,0.0042735045,0.0042735045,0.0042735045,0.0042735045,0.0042735045,0.0042735045,0.0042735045,0.0042735045,0.0042735045,0.0042735045,0.0042735045,0.0042735045,0.0042735045,0.0042735045,0.0042735045,0.0042735045,0.0042735045,0.0042735045,0.0042735045,0.0042735045,0.0042735045,0.0042735045,0.0042735045,0.0042735045,0.0042735045,0.0042735045,0.0042735045,0.0042735045,0.0042735045,0.0042735045,0.0042735045,0.31982458,0.0042735045,0.0042735045,0.0042735045,0.0042735045,0.0042735045,0.0042735045,0.0042735045,0.0042735045,0.0042735045,0.0042735045,0.0042735045,0.0042735045,0.0042735045,0.0042735045,0.0042735045,0.0042735045,0.0042735045,0.0042735045,0.0042735045,0.0042735045,0.0042735045,0.0042735045,0.0042735045,0.0042735045,0.0042735045,0.72790945,0.69082946,0.0042735045,0.0042735045,0.0042735045,0.0042735045,0.0042735045,0.0042735045,0.0042735045,0.5752155,0.0042735045,0.0042735045,0.0042735045,0.0042735045,0.0042735045,0.0042735045,0.0042735045,0.0042735045,0.0042735045,0.0042735045,0.0042735045,0.0042735045,0.0042735045,0.0042735045,0.0042735045,0.0042735045,0.0042735045,0.0042735045,0.0042735045,0.23274028,0.0042735045,0.0042735045,0.0042735045,0.0042735045,0.0042735045,0.0042735045,0.0042735045,0.0042735045,0.0042735045,0.0042735045,0.0042735045,0.0042735045,0.0042735045,0.0042735045,0.0042735045,0.0042735045,0.0042735045,0.011933494,0.0042735045,0.0042735045,0.0042735045,0.0042735045,0.0042735045,0.0042735045,0.0042735045,0.0042735045,0.0042735045,0.0042735045,0.0042735045,0.0042735045,0.0042735045,0.0042735045,0.0042735045,0.0042735045,0.0042735045,0.0042735045,0.0042735045,0.0042735045,0.9714252,0.0042735045,0.0042735045,0.0042735045,0.0042735045,0.0042735045,0.0042735045,0.0042735045,0.0042735045,0.0042735045,0.0042735045,0.0042735045,0.0042735045,0.0042735045,0.0042735045,0.0042735045,0.0042735045,0.0042735045,0.0042735045,0.0042735045,0.0042735045,0.0042735045,0.0042735045,0.0042735045,0.0042735045,0.9253445,0.0042735045,0.0042735045,0.12771888,0.0042735045,0.0042735045,0.0042735045,0.0042735045,0.0042735045,0.0042735045,0.0042735045,0.0042735045,0.0042735045,0.0042735045,0.0042735045,0.0042735045,0.0042735045,0.0042735045,0.0042735045,0.0042735045,0.0042735045,0.0042735045,0.0042735045,0.0042735045,0.0042735045,0.0042735045,0.0042735045,0.0042735045,0.0042735045,0.0042735045,0.0042735045,0.0042735045,0.0042735045,0.0042735045,0.0042735045,0.0042735045,0.0042735045,0.0042735045,0.92594737
BC2026_Train_0001_S08_20250606_030007_15,0.0042735045,0.0042735045,0.0042735045,0.0042735045,0.0042735045,0.0042735045,0.0042735045,0.0042735045,0.0042735045,0.0042735045,0.0042735045,0.0042735045,0.0042735045,0.0042735045,0.0042735045,0.0042735045,0.0042735045,0.0042735045,0.0042735045,0.0042735045,0.0042735045,0.0042735045,0.0042735045,0.0042735045,0.0042735045,0.0042735045,0.0042735045,0.0042735045,0.0042735045,0.0042735045,0.0042735045,0.0042735045,0.0042735045,0.0042735045,0.0042735045,0.0042735045,0.0042735045,0.0042735045,0.0042735045,0.0042735045,0.0042735045,0.0042735045,0.0042735045,0.0042735045,0.0042735045,0.0042735045,0.0042735045,0.0042735045,0.0042735045,0.0042735045,0.0042735045,0.0042735045,0.0042735045,0.0042735045,0.0042735045,0.0042735045,0.0042735045,0.0042735045,0.0042735045,0.0042735045,0.0042735045,0.0042735045,0.0042735045,0.0042735045,0.0042735045,0.0042735045,0.0042735045,0.0042735045,0.0042735045,0.0042735045,0.0042735045,0.0042735045,0.0042735045,0.0042735045,0.0042735045,0.0042735045,0.3121476,0.0042735045,0.0042735045,0.0042735045,0.0042735045,0.0042735045,0.0042735045,0.0042735045,0.0042735045,0.0042735045,0.0042735045,0.0042735045,0.0042735045,0.0042735045,0.0042735045,0.0042735045,0.0042735045,0.0042735045,0.0042735045,0.0042735045,0.0042735045,0.0042735045,0.0042735045,0.0042735045,0.0042735045,0.0042735045,0.50617117,0.4759698,0.0042735045,0.0042735045,0.0042735045,0.0042735045,0.0042735045,0.0042735045,0.0042735045,0.4925531,0.0042735045,0.0042735045,0.0042735045,0.0042735045,0.0042735045,0.0042735045,0.0042735045,0.0042735045,0.0042735045,0.0042735045,0.0042735045,0.0042735045,0.0042735045,0.0042735045,0.0042735045,0.0042735045,0.0042735045,0.0042735045,0.0042735045,0.48179993,0.0042735045,0.0042735045,0.0042735045,0.0042735045,0.0042735045,0.0042735045,0.0042735045,0.0042735045,0.0042735045,0.0042735045,0.0042735045,0.0042735045,0.0042735045,0.0042735045,0.0042735045,0.0042735045,0.0042735045,0.009879296,0.0042735045,0.0042735045,0.0042735045,0.0042735045,0.0042735045,0.0042735045,0.0042735045,0.0042735045,0.0042735045,0.0042735045,0.0042735045,0.0042735045,0.0042735045,0.0042735045,0.0042735045,0.0042735045,0.0042735045,0.0042735045,0.0042735045,0.0042735045,0.94243276,0.0042735045,0.0042735045,0.0042735045,0.0042735045,0.0042735045,0.0042735045,0.0042735045,0.0042735045,0.0042735045,0.0042735045,0.0042735045,0.0042735045,0.0042735045,0.0042735045,0.0042735045,0.0042735045,0.0042735045,0.0042735045,0.0042735045,0.0042735045,0.0042735045,0.0042735045,0.0042735045,0.0042735045,0.98312354,0.0042735045,0.0042735045,0.09834883,0.0042735045,0.0042735045,0.0042735045,0.0042735045,0.0042735045,0.0042735045,0.0042735045,0.0042735045,0.0042735045,0.0042735045,0.0042735045,0.0042735045,0.0042735045,0.0042735045,0.0042735045,0.0042735045,0.0042735045,0.0042735045,0.0042735045,0.0042735045,0.0042735045,0.0042735045,0.0042735045,0.0042735045,0.0042735045,0.0042735045,0.0042735045,0.0042735045,0.0042735045,0.0042735045,0.0042735045,0.0042735045,0.0042735045,0.0042735045,0.9193364
BC2026_Train_0001_S08_20250606_030007_20,0.0042735045,0.0042735045,0.0042735045,0.0042735045,0.0042735045,0.0042735045,0.0042735045,0.0042735045,0.0042735045,0.0042735045,0.0042735045,0.0042735045,0.0042735045,0.0042735045,0.0042735045,0.0042735045,0.0042735045,0.0042735045,0.0042735045,0.0042735045,0.0042735045,0.0042735045,0.0042735045,0.0042735045,0.0042735045,0.0042735045,0.0042735045,0.0042735045,0.0042735045,0.0042735045,0.0042735045,0.0042735045,0.0042735045,0.0042735045,0.0042735045,0.0042735045,0.0042735045,0.0042735045,0.0042735045,0.0042735045,0.0042735045,0.0042735045,0.0042735045,0.0042735045,0.0042735045,0.0042735045,0.0042735045,0.0042735045,0.0042735045,0.0042735045,0.0042735045,0.0042735045,0.0042735045,0.0042735045,0.0042735045,0.0042735045,0.0042735045,0.0042735045,0.0042735045,0.0042735045,0.0042735045,0.0042735045,0.0042735045,0.0042735045,0.0042735045,0.0042735045,0.0042735045,0.0042735045,0.0042735045,0.0042735045,0.0042735045,0.0042735045,0.0042735045,0.0042735045,0.0042735045,0.0042735045,0.21780199,0.0042735045,0.0042735045,0.0042735045,0.0042735045,0.0042735045,0.0042735045,0.0042735045,0.0042735045,0.0042735045,0.0042735045,0.0042735045,0.0042735045,0.0042735045,0.0042735045,0.0042735045,0.0042735045,0.0042735045,0.0042735045,0.0042735045,0.0042735045,0.0042735045,0.0042735045,0.0042735045,0.0042735045,0.0042735045,0.44996348,0.4978231,0.0042735045,0.0042735045,0.0042735045,0.0042735045,0.0042735045,0.0042735045,0.0042735045,0.56965166,0.0042735045,0.0042735045,0.0042735045,0.0042735045,0.0042735045,0.0042735045,0.0042735045,0.0042735045,0.0042735045,0.0042735045,0.0042735045,0.0042735045,0.0042735045,0.0042735045,0.0042735045,0.0042735045,0.0042735045,0.0042735045,0.0042735045,0.6547586,0.0042735045,0.0042735045,0.0042735045,0.0042735045,0.0042735045,0.0042735045,0.0042735045,0.0042735045,0.0042735045,0.0042735045,0.0042735045,0.0042735045,0.0042735045,0.0042735045,0.0042735045,0.0042735045,0.0042735045,0.009397126,0.0042735045,0.0042735045,0.0042735045,0.0042735045,0.0042735045,0.0042735045,0.0042735045,0.0042735045,0.0042735045,0.0042735045,0.0042735045,0.0042735045,0.0042735045,0.0042735045,0.0042735045,0.0042735045,0.0042735045,0.0042735045,0.0042735045,0.0042735045,0.9132897,0.0042735045,0.0042735045,0.0042735045,0.0042735045,0.0042735045,0.0042735045,0.0042735045,0.0042735045,0.0042735045,0.0042735045,0.0042735045,0.0042735045,0.0042735045,0.0042735045,0.0042735045,0.0042735045,0.0042735045,0.0042735045,0.0042735045,0.0042735045,0.0042735045,0.0042735045,0.0042735045,0.0042735045,0.98744583,0.0042735045,0.0042735045,0.12134979,0.0042735045,0.0042735045,0.0042735045,0.0042735045,0.0042735045,0.0042735045,0.0042735045,0.0042735045,0.0042735045,0.0042735045,0.0042735045,0.0042735045,0.0042735045,0.0042735045,0.0042735045,0.0042735045,0.0042735045,0.0042735045,0.0042735045,0.0042735045,0.0042735045,0.0042735045,0.0042735045,0.0042735045,0.0042735045,0.0042735045,0.0042735045,0.0042735045,0.0042735045,0.0042735045,0.0042735045,0.0042735045,0.0042735045,0.0042735045,0.9156634
BC2026_Train_0001_S08_20250606_030007_25,0.0042735045,0.0042735045,0.0042735045,0.0042735045,0.0042735045,0.0042735045,0.0042735045,0.0042735045,0.0042735045,0.0042735045,0.0042735045,0.0042735045,0.0042735045,0.0042735045,0.0042735045,0.0042735045,0.0042735045,0.0042735045,0.0042735045,0.0042735045,0.0042735045,0.0042735045,0.0042735045,0.0042735045,0.0042735045,0.0042735045,0.0042735045,0.0042735045,0.0042735045,0.0042735045,0.0042735045,0.0042735045,0.0042735045,0.0042735045,0.0042735045,0.0042735045,0.0042735045,0.0042735045,0.0042735045,0.0042735045,0.0042735045,0.0042735045,0.0042735045,0.0042735045,0.0042735045,0.0042735045,0.0042735045,0.0042735045,0.0042735045,0.0042735045,0.0042735045,0.0042735045,0.0042735045,0.0042735045,0.0042735045,0.0042735045,0.0042735045,0.0042735045,0.0042735045,0.0042735045,0.0042735045,0.0042735045,0.0042735045,0.0042735045,0.0042735045,0.0042735045,0.0042735045,0.0042735045,0.0042735045,0.0042735045,0.0042735045,0.0042735045,0.0042735045,0.0042735045,0.0042735045,0.0042735045,0.11950837,0.0042735045,0.0042735045,0.0042735045,0.0042735045,0.0042735045,0.0042735045,0.0042735045,0.0042735045,0.0042735045,0.0042735045,0.0042735045,0.0042735045,0.0042735045,0.0042735045,0.0042735045,0.0042735045,0.0042735045,0.0042735045,0.0042735045,0.0042735045,0.0042735045,0.0042735045,0.0042735045,0.0042735045,0.0042735045,0.47788027,0.49209467,0.0042735045,0.0042735045,0.0042735045,0.0042735045,0.0042735045,0.0042735045,0.0042735045,0.59638566,0.0042735045,0.0042735045,0.0042735045,0.0042735045,0.0042735045,0.0042735045,0.0042735045,0.0042735045,0.0042735045,0.0042735045,0.0042735045,0.0042735045,0.0042735045,0.0042735045,0.0042735045,0.0042735045,0.0042735045,0.0042735045,0.0042735045,0.8022756,0.0042735045,0.0042735045,0.0042735045,0.0042735045,0.0042735045,0.0042735045,0.0042735045,0.0042735045,0.0042735045,0.0042735045,0.0042735045,0.0042735045,0.0042735045,0.0042735045,0.0042735045,0.0042735045,0.0042735045,0.011981945,0.0042735045,0.0042735045,0.0042735045,0.0042735045,0.0042735045,0.0042735045,0.0042735045,0.0042735045,0.0042735045,0.0042735045,0.0042735045,0.0042735045,0.0042735045,0.0042735045,0.0042735045,0.0042735045,0.0042735045,0.0042735045,0.0042735045,0.0042735045,0.94091403,0.0042735045,0.0042735045,0.0042735045,0.0042735045,0.0042735045,0.0042735045,0.0042735045,0.0042735045,0.0042735045,0.0042735045,0.0042735045,0.0042735045,0.0042735045,0.0042735045,0.0042735045,0.0042735045,0.0042735045,0.0042735045,0.0042735045,0.0042735045,0.0042735045,0.0042735045,0.0042735045,0.0042735045,0.9832116,0.0042735045,0.0042735045,0.13728362,0.0042735045,0.0042735045,0.0042735045,0.0042735045,0.0042735045,0.0042735045,0.0042735045,0.0042735045,0.0042735045,0.0042735045,0.0042735045,0.0042735045,0.0042735045,0.0042735045,0.0042735045,0.0042735045,0.0042735045,0.0042735045,0.0042735045,0.0042735045,0.0042735045,0.0042735045,0.0042735045,0.0042735045,0.0042735045,0.0042735045,0.0042735045,0.0042735045,0.0042735045,0.0042735045,0.0042735045,0.0042735045,0.0042735045,0.0042735045,0.8996959
BC2026_Train_0001_S08_20250606_030007_30,0.0042735045,0.0042735045,0.0042735045,0.0042735045,0.0042735045,0.0042735045,0.0042735045,0.0042735045,0.0042735045,0.0042735045,0.0042735045,0.0042735045,0.0042735045,0.0042735045,0.0042735045,0.0042735045,0.0042735045,0.0042735045,0.0042735045,0.0042735045,0.0042735045,0.0042735045,0.0042735045,0.0042735045,0.0042735045,0.0042735045,0.0042735045,0.0042735045,0.0042735045,0.0042735045,0.0042735045,0.0042735045,0.0042735045,0.0042735045,0.0042735045,0.0042735045,0.0042735045,0.0042735045,0.0042735045,0.0042735045,0.0042735045,0.0042735045,0.0042735045,0.0042735045,0.0042735045,0.0042735045,0.0042735045,0.0042735045,0.0042735045,0.0042735045,0.0042735045,0.0042735045,0.0042735045,0.0042735045,0.0042735045,0.0042735045,0.0042735045,0.0042735045,0.0042735045,0.0042735045,0.0042735045,0.0042735045,0.0042735045,0.0042735045,0.0042735045,0.0042735045,0.0042735045,0.0042735045,0.0042735045,0.0042735045,0.0042735045,0.0042735045,0.0042735045,0.0042735045,0.0042735045,0.0042735045,0.08601957,0.0042735045,0.0042735045,0.0042735045,0.0042735045,0.0042735045,0.0042735045,0.0042735045,0.0042735045,0.0042735045,0.0042735045,0.0042735045,0.0042735045,0.0042735045,0.0042735045,0.0042735045,0.0042735045,0.0042735045,0.0042735045,0.0042735045,0.0042735045,0.0042735045,0.0042735045,0.0042735045,0.0042735045,0.0042735045,0.47224143,0.489558,0.0042735045,0.0042735045,0.0042735045,0.0042735045,0.0042735045,0.0042735045,0.0042735045,0.6205294,0.0042735045,0.0042735045,0.0042735045,0.0042735045,0.0042735045,0.0042735045,0.0042735045,0.0042735045,0.0042735045,0.0042735045,0.0042735045,0.0042735045,0.0042735045,0.0042735045,0.0042735045,0.0042735045,0.0042735045,0.0042735045,0.0042735045,0.76645374,0.0042735045,0.0042735045,0.0042735045,0.0042735045,0.0042735045,0.0042735045,0.0042735045,0.0042735045,0.0042735045,0.0042735045,0.0042735045,0.0042735045,0.0042735045,0.0042735045,0.0042735045,0.0042735045,0.0042735045,0.014565472,0.0042735045,0.0042735045,0.0042735045,0.0042735045,0.0042735045,0.0042735045,0.0042735045,0.0042735045,0.0042735045,0.0042735045,0.0042735045,0.0042735045,0.0042735045,0.0042735045,0.0042735045,0.0042735045,0.0042735045,0.0042735045,0.0042735045,0.0042735045,0.92289865,0.0042735045,0.0042735045,0.0042735045,0.0042735045,0.0042735045,0.0042735045,0.0042735045,0.0042735045,0.0042735045,0.0042735045,0.0042735045,0.0042735045,0.0042735045,0.0042735045,0.0042735045,0.0042735045,0.0042735045,0.0042735045,0.0042735045,0.0042735045,0.0042735045,0.0042735045,0.0042735045,0.0042735045,0.9634681,0.0042735045,0.0042735045,0.17075165,0.0042735045,0.0042735045,0.0042735045,0.0042735045,0.0042735045,0.0042735045,0.0042735045,0.0042735045,0.0042735045,0.0042735045,0.0042735045,0.0042735045,0.0042735045,0.0042735045,0.0042735045,0.0042735045,0.0042735045,0.0042735045,0.0042735045,0.0042735045,0.0042735045,0.0042735045,0.0042735045,0.0042735045,0.0042735045,0.0042735045,0.0042735045,0.0042735045,0.0042735045,0.0042735045,0.0042735045,0.0042735045,0.0042735045,0.0042735045,0.89737713
BC2026_Train_0001_S08_20250606_030007_35,0.0042735045,0.0042735045,0.0042735045,0.0042735045,0.0042735045,0.0042735045,0.0042735045,0.0042735045,0.0042735045,0.0042735045,0.0042735045,0.0042735045,0.0042735045,0.0042735045,0.0042735045,0.0042735045,0.0042735045,0.0042735045,0.0042735045,0.0042735045,0.0042735045,0.0042735045,0.0042735045,0.0042735045,0.0042735045,0.0042735045,0.0042735045,0.0042735045,0.0042735045,0.0042735045,0.0042735045,0.0042735045,0.0042735045,0.0042735045,0.0042735045,0.0042735045,0.0042735045,0.0042735045,0.0042735045,0.0042735045,0.0042735045,0.0042735045,0.0042735045,0.0042735045,0.0042735045,0.0042735045,0.0042735045,0.0042735045,0.0042735045,0.0042735045,0.0042735045,0.0042735045,0.0042735045,0.0042735045,0.0042735045,0.0042735045,0.0042735045,0.0042735045,0.0042735045,0.0042735045,0.0042735045,0.0042735045,0.0042735045,0.0042735045,0.0042735045,0.0042735045,0.0042735045,0.0042735045,0.0042735045,0.0042735045,0.0042735045,0.0042735045,0.0042735045,0.0042735045,0.0042735045,0.0042735045,0.102305405,0.0042735045,0.0042735045,0.0042735045,0.0042735045,0.0042735045,0.0042735045,0.0042735045,0.0042735045,0.0042735045,0.0042735045,0.0042735045,0.0042735045,0.0042735045,0.0042735045,0.0042735045,0.0042735045,0.0042735045,0.0042735045,0.0042735045,0.0042735045,0.0042735045,0.0042735045,0.0042735045,0.0042735045,0.0042735045,0.53612554,0.45407525,0.0042735045,0.0042735045,0.0042735045,0.0042735045,0.0042735045,0.0042735045,0.0042735045,0.41236466,0.0042735045,0.0042735045,0.0042735045,0.0042735045,0.0042735045,0.0042735045,0.0042735045,0.0042735045,0.0042735045,0.0042735045,0.0042735045,0.0042735045,0.0042735045,0.0042735045,0.0042735045,0.0042735045,0.0042735045,0.0042735045,0.0042735045,0.7923617,0.0042735045,0.0042735045,0.0042735045,0.0042735045,0.0042735045,0.0042735045,0.0042735045,0.0042735045,0.0042735045,0.0042735045,0.0042735045,0.0042735045,0.0042735045,0.0042735045,0.0042735045,0.0042735045,0.0042735045,0.021936588,0.0042735045,0.0042735045,0.0042735045,0.0042735045,0.0042735045,0.0042735045,0.0042735045,0.0042735045,0.0042735045,0.0042735045,0.0042735045,0.0042735045,0.0042735045,0.0042735045,0.0042735045,0.0042735045,0.0042735045,0.0042735045,0.0042735045,0.0042735045,0.9289486,0.0042735045,0.0042735045,0.0042735045,0.0042735045,0.0042735045,0.0042735045,0.0042735045,0.0042735045,0.0042735045,0.0042735045,0.0042735045,0.0042735045,0.0042735045,0.0042735045,0.0042735045,0.0042735045,0.0042735045,0.0042735045,0.0042735045,0.0042735045,0.0042735045,0.0042735045,0.0042735045,0.0042735045,0.9681827,0.0042735045,0.0042735045,0.19346105,0.0042735045,0.0042735045,0.0042735045,0.0042735045,0.0042735045,0.0042735045,0.0042735045,0.0042735045,0.0042735045,0.0042735045,0.0042735045,0.0042735045,0.0042735045,0.0042735045,0.0042735045,0.0042735045,0.0042735045,0.0042735045,0.0042735045,0.0042735045,0.0042735045,0.0042735045,0.0042735045,0.0042735045,0.0042735045,0.0042735045,0.0042735045,0.0042735045,0.0042735045,0.0042735045,0.0042735045,0.0042735045,0.0042735045,0.0042735045,0.93639994
BC2026_Train_0001_S08_20250606_030007_40,0.0042735045,0.0042735045,0.0042735045,0.0042735045,0.0042735045,0.0042735045,0.0042735045,0.0042735045,0.0042735045,0.0042735045,0.0042735045,0.0042735045,0.0042735045,0.0042735045,0.0042735045,0.0042735045,0.0042735045,0.0042735045,0.0042735045,0.0042735045,0.0042735045,0.0042735045,0.0042735045,0.0042735045,0.0042735045,0.0042735045,0.0042735045,0.0042735045,0.0042735045,0.0042735045,0.0042735045,0.0042735045,0.0042735045,0.0042735045,0.0042735045,0.0042735045,0.0042735045,0.0042735045,0.0042735045,0.0042735045,0.0042735045,0.0042735045,0.0042735045,0.0042735045,0.0042735045,0.0042735045,0.0042735045,0.0042735045,0.0042735045,0.0042735045,0.0042735045,0.0042735045,0.0042735045,0.0042735045,0.0042735045,0.0042735045,0.0042735045,0.0042735045,0.0042735045,0.0042735045,0.0042735045,0.0042735045,0.0042735045,0.0042735045,0.0042735045,0.0042735045,0.0042735045,0.0042735045,0.0042735045,0.0042735045,0.0042735045,0.0042735045,0.0042735045,0.0042735045,0.0042735045,0.0042735045,0.08242424,0.0042735045,0.0042735045,0.0042735045,0.0042735045,0.0042735045,0.0042735045,0.0042735045,0.0042735045,0.0042735045,0.0042735045,0.0042735045,0.0042735045,0.0042735045,0.0042735045,0.0042735045,0.0042735045,0.0042735045,0.0042735045,0.0042735045,0.0042735045,0.0042735045,0.0042735045,0.0042735045,0.0042735045,0.0042735045,0.4556817,0.36336732,0.0042735045,0.0042735045,0.0042735045,0.0042735045,0.0042735045,0.0042735045,0.0042735045,0.3154131,0.0042735045,0.0042735045,0.0042735045,0.0042735045,0.0042735045,0.0042735045,0.0042735045,0.0042735045,0.0042735045,0.0042735045,0.0042735045,0.0042735045,0.0042735045,0.0042735045,0.0042735045,0.0042735045,0.0042735045,0.0042735045,0.0042735045,0.7142307,0.0042735045,0.0042735045,0.0042735045,0.0042735045,0.0042735045,0.0042735045,0.0042735045,0.0042735045,0.0042735045,0.0042735045,0.0042735045,0.0042735045,0.0042735045,0.0042735045,0.0042735045,0.0042735045,0.0042735045,0.023257885,0.0042735045,0.0042735045,0.0042735045,0.0042735045,0.0042735045,0.0042735045,0.0042735045,0.0042735045,0.0042735045,0.0042735045,0.0042735045,0.0042735045,0.0042735045,0.0042735045,0.0042735045,0.0042735045,0.0042735045,0.0042735045,0.0042735045,0.0042735045,0.9409342,0.0042735045,0.0042735045,0.0042735045,0.0042735045,0.0042735045,0.0042735045,0.0042735045,0.0042735045,0.0042735045,0.0042735045,0.0042735045,0.0042735045,0.0042735045,0.0042735045,0.0042735045,0.0042735045,0.0042735045,0.0042735045,0.0042735045,0.0042735045,0.0042735045,0.0042735045,0.0042735045,0.0042735045,0.9750979,0.0042735045,0.0042735045,0.23649387,0.0042735045,0.0042735045,0.0042735045,0.0042735045,0.0042735045,0.0042735045,0.0042735045,0.0042735045,0.0042735045,0.0042735045,0.0042735045,0.0042735045,0.0042735045,0.0042735045,0.0042735045,0.0042735045,0.0042735045,0.0042735045,0.0042735045,0.0042735045,0.0042735045,0.0042735045,0.0042735045,0.0042735045,0.0042735045,0.0042735045,0.0042735045,0.0042735045,0.0042735045,0.0042735045,0.0042735045,0.0042735045,0.0042735045,0.0042735045,0.9579233
BC2026_Train_0001_S08_20250606_030007_45,0.0042735045,0.0042735045,0.0042735045,0.0042735045,0.0042735045,0.0042735045,0.0042735045,0.0042735045,0.0042735045,0.0042735045,0.0042735045,0.0042735045,0.0042735045,0.0042735045,0.0042735045,0.0042735045,0.0042735045,0.0042735045,0.0042735045,0.0042735045,0.0042735045,0.0042735045,0.0042735045,0.0042735045,0.0042735045,0.0042735045,0.0042735045,0.0042735045,0.0042735045,0.0042735045,0.0042735045,0.0042735045,0.0042735045,0.0042735045,0.0042735045,0.0042735045,0.0042735045,0.0042735045,0.0042735045,0.0042735045,0.0042735045,0.0042735045,0.0042735045,0.0042735045,0.0042735045,0.0042735045,0.0042735045,0.0042735045,0.0042735045,0.0042735045,0.0042735045,0.0042735045,0.0042735045,0.0042735045,0.0042735045,0.0042735045,0.0042735045,0.0042735045,0.0042735045,0.0042735045,0.0042735045,0.0042735045,0.0042735045,0.0042735045,0.0042735045,0.0042735045,0.0042735045,0.0042735045,0.0042735045,0.0042735045,0.0042735045,0.0042735045,0.0042735045,0.0042735045,0.0042735045,0.0042735045,0.059786197,0.0042735045,0.0042735045,0.0042735045,0.0042735045,0.0042735045,0.0042735045,0.0042735045,0.0042735045,0.0042735045,0.0042735045,0.0042735045,0.0042735045,0.0042735045,0.0042735045,0.0042735045,0.0042735045,0.0042735045,0.0042735045,0.0042735045,0.0042735045,0.0042735045,0.0042735045,0.0042735045,0.0042735045,0.0042735045,0.32824534,0.4174131,0.0042735045,0.0042735045,0.0042735045,0.0042735045,0.0042735045,0.0042735045,0.0042735045,0.3869971,0.0042735045,0.0042735045,0.0042735045,0.0042735045,0.0042735045,0.0042735045,0.0042735045,0.0042735045,0.0042735045,0.0042735045,0.0042735045,0.0042735045,0.0042735045,0.0042735045,0.0042735045,0.0042735045,0.0042735045,0.0042735045,0.0042735045,0.48308635,0.0042735045,0.0042735045,0.0042735045,0.0042735045,0.0042735045,0.0042735045,0.0042735045,0.0042735045,0.0042735045,0.0042735045,0.0042735045,0.0042735045,0.0042735045,0.0042735045,0.0042735045,0.0042735045,0.0042735045,0.012113024,0.0042735045,0.0042735045,0.0042735045,0.0042735045,0.0042735045,0.0042735045,0.0042735045,0.0042735045,0.0042735045,0.0042735045,0.0042735045,0.0042735045,0.0042735045,0.0042735045,0.0042735045,0.0042735045,0.0042735045,0.0042735045,0.0042735045,0.0042735045,0.97441477,0.0042735045,0.0042735045,0.0042735045,0.0042735045,0.0042735045,0.0042735045,0.0042735045,0.0042735045,0.0042735045,0.0042735045,0.0042735045,0.0042735045,0.0042735045,0.0042735045,0.0042735045,0.0042735045,0.0042735045,0.0042735045,0.0042735045,0.0042735045,0.0042735045,0.0042735045,0.0042735045,0.0042735045,0.96434426,0.0042735045,0.0042735045,0.17191401,0.0042735045,0.0042735045,0.0042735045,0.0042735045,0.0042735045,0.0042735045,0.0042735045,0.0042735045,0.0042735045,0.0042735045,0.0042735045,0.0042735045,0.0042735045,0.0042735045,0.0042735045,0.0042735045,0.0042735045,0.0042735045,0.0042735045,0.0042735045,0.0042735045,0.0042735045,0.0042735045,0.0042735045,0.0042735045,0.0042735045,0.0042735045,0.0042735045,0.0042735045,0.0042735045,0.0042735045,0.0042735045,0.0042735045,0.0042735045,0.9540713
BC2026_Train_0001_S08_20250606_030007_50,0.0042735045,0.0042735045,0.0042735045,0.0042735045,0.0042735045,0.0042735045,0.0042735045,0.0042735045,0.0042735045,0.0042735045,0.0042735045,0.0042735045,0.0042735045,0.0042735045,0.0042735045,0.0042735045,0.0042735045,0.0042735045,0.0042735045,0.0042735045,0.0042735045,0.0042735045,0.0042735045,0.0042735045,0.0042735045,0.0042735045,0.0042735045,0.0042735045,0.0042735045,0.0042735045,0.0042735045,0.0042735045,0.0042735045,0.0042735045,0.0042735045,0.0042735045,0.0042735045,0.0042735045,0.0042735045,0.0042735045,0.0042735045,0.0042735045,0.0042735045,0.0042735045,0.0042735045,0.0042735045,0.0042735045,0.0042735045,0.0042735045,0.0042735045,0.0042735045,0.0042735045,0.0042735045,0.0042735045,0.0042735045,0.0042735045,0.0042735045,0.0042735045,0.0042735045,0.0042735045,0.0042735045,0.0042735045,0.0042735045,0.0042735045,0.0042735045,0.0042735045,0.0042735045,0.0042735045,0.0042735045,0.0042735045,0.0042735045,0.0042735045,0.0042735045,0.0042735045,0.0042735045,0.0042735045,0.05651726,0.0042735045,0.0042735045,0.0042735045,0.0042735045,0.0042735045,0.0042735045,0.0042735045,0.0042735045,0.0042735045,0.0042735045,0.0042735045,0.0042735045,0.0042735045,0.0042735045,0.0042735045,0.0042735045,0.0042735045,0.0042735045,0.0042735045,0.0042735045,0.0042735045,0.0042735045,0.0042735045,0.0042735045,0.0042735045,0.515312,0.41536367,0.0042735045,0.0042735045,0.0042735045,0.0042735045,0.0042735045,0.0042735045,0.0042735045,0.40439826,0.0042735045,0.0042735045,0.0042735045,0.0042735045,0.0042735045,0.0042735045,0.0042735045,0.0042735045,0.0042735045,0.0042735045,0.0042735045,0.0042735045,0.0042735045,0.0042735045,0.0042735045,0.0042735045,0.0042735045,0.0042735045,0.0042735045,0.14733614,0.0042735045,0.0042735045,0.0042735045,0.0042735045,0.0042735045,0.0042735045,0.0042735045,0.0042735045,0.0042735045,0.0042735045,0.0042735045,0.0042735045,0.0042735045,0.0042735045,0.0042735045,0.0042735045,0.0042735045,0.00928335,0.0042735045,0.0042735045,0.0042735045,0.0042735045,0.0042735045,0.0042735045,0.0042735045,0.0042735045,0.0042735045,0.0042735045,0.0042735045,0.0042735045,0.0042735045,0.0042735045,0.0042735045,0.0042735045,0.0042735045,0.0042735045,0.0042735045,0.0042735045,0.9735214,0.0042735045,0.0042735045,0.0042735045,0.0042735045,0.0042735045,0.0042735045,0.0042735045,0.0042735045,0.0042735045,0.0042735045,0.0042735045,0.0042735045,0.0042735045,0.0042735045,0.0042735045,0.0042735045,0.0042735045,0.0042735045,0.0042735045,0.0042735045,0.0042735045,0.0042735045,0.0042735045,0.0042735045,0.9412672,0.0042735045,0.0042735045,0.07976922,0.0042735045,0.0042735045,0.0042735045,0.0042735045,0.0042735045,0.0042735045,0.0042735045,0.0042735045,0.0042735045,0.0042735045,0.0042735045,0.0042735045,0.0042735045,0.0042735045,0.0042735045,0.0042735045,0.0042735045,0.0042735045,0.0042735045,0.0042735045,0.0042735045,0.0042735045,0.0042735045,0.0042735045,0.0042735045,0.0042735045,0.0042735045,0.0042735045,0.0042735045,0.0042735045,0.0042735045,0.0042735045,0.0042735045,0.0042735045,0.8915396
BC2026_Train_0001_S08_20250606_030007_55,0.0042735045,0.0042735045,0.0042735045,0.0042735045,0.0042735045,0.0042735045,0.0042735045,0.0042735045,0.0042735045,0.0042735045,0.0042735045,0.0042735045,0.0042735045,0.0042735045,0.0042735045,0.0042735045,0.0042735045,0.0042735045,0.0042735045,0.0042735045,0.0042735045,0.0042735045,0.0042735045,0.0042735045,0.0042735045,0.0042735045,0.0042735045,0.0042735045,0.0042735045,0.0042735045,0.0042735045,0.0042735045,0.0042735045,0.0042735045,0.0042735045,0.0042735045,0.0042735045,0.0042735045,0.0042735045,0.0042735045,0.0042735045,0.0042735045,0.0042735045,0.0042735045,0.0042735045,0.0042735045,0.0042735045,0.0042735045,0.0042735045,0.0042735045,0.0042735045,0.0042735045,0.0042735045,0.0042735045,0.0042735045,0.0042735045,0.0042735045,0.0042735045,0.0042735045,0.0042735045,0.0042735045,0.0042735045,0.0042735045,0.0042735045,0.0042735045,0.0042735045,0.0042735045,0.0042735045,0.0042735045,0.0042735045,0.0042735045,0.0042735045,0.0042735045,0.0042735045,0.0042735045,0.0042735045,0.073633336,0.0042735045,0.0042735045,0.0042735045,0.0042735045,0.0042735045,0.0042735045,0.0042735045,0.0042735045,0.0042735045,0.0042735045,0.0042735045,0.0042735045,0.0042735045,0.0042735045,0.0042735045,0.0042735045,0.0042735045,0.0042735045,0.0042735045,0.0042735045,0.0042735045,0.0042735045,0.0042735045,0.0042735045,0.0042735045,0.41720453,0.3153068,0.0042735045,0.0042735045,0.0042735045,0.0042735045,0.0042735045,0.0042735045,0.0042735045,0.42097673,0.0042735045,0.0042735045,0.0042735045,0.0042735045,0.0042735045,0.0042735045,0.0042735045,0.0042735045,0.0042735045,0.0042735045,0.0042735045,0.0042735045,0.0042735045,0.0042735045,0.0042735045,0.0042735045,0.0042735045,0.0042735045,0.0042735045,0.14473894,0.0042735045,0.0042735045,0.0042735045,0.0042735045,0.0042735045,0.0042735045,0.0042735045,0.0042735045,0.0042735045,0.0042735045,0.0042735045,0.0042735045,0.0042735045,0.0042735045,0.0042735045,0.0042735045,0.0042735045,0.012644425,0.0042735045,0.0042735045,0.0042735045,0.0042735045,0.0042735045,0.0042735045,0.0042735045,0.0042735045,0.0042735045,0.0042735045,0.0042735045,0.0042735045,0.0042735045,0.0042735045,0.0042735045,0.0042735045,0.0042735045,0.0042735045,0.0042735045,0.0042735045,0.95424396,0.0042735045,0.0042735045,0.0042735045,0.0042735045,0.0042735045,0.0042735045,0.0042735045,0.0042735045,0.0042735045,0.0042735045,0.0042735045,0.0042735045,0.0042735045,0.0042735045,0.0042735045,0.0042735045,0.0042735045,0.0042735045,0.0042735045,0.0042735045,0.0042735045,0.0042735045,0.0042735045,0.0042735045,0.86776024,0.0042735045,0.0042735045,0.10220062,0.0042735045,0.0042735045,0.0042735045,0.0042735045,0.0042735045,0.0042735045,0.0042735045,0.0042735045,0.0042735045,0.0042735045,0.0042735045,0.0042735045,0.0042735045,0.0042735045,0.0042735045,0.0042735045,0.0042735045,0.0042735045,0.0042735045,0.0042735045,0.0042735045,0.0042735045,0.0042735045,0.0042735045,0.0042735045,0.0042735045,0.0042735045,0.0042735045,0.0042735045,0.0042735045,0.0042735045,0.0042735045,0.0042735045,0.0042735045,0.8273066
BC2026_Train_0001_S08_20250606_030007_60,0.0042735045,0.0042735045,0.0042735045,0.0042735045,0.0042735045,0.0042735045,0.0042735045,0.0042735045,0.0042735045,0.0042735045,0.0042735045,0.0042735045,0.0042735045,0.0042735045,0.0042735045,0.0042735045,0.0042735045,0.0042735045,0.0042735045,0.0042735045,0.0042735045,0.0042735045,0.0042735045,0.0042735045,0.0042735045,0.0042735045,0.0042735045,0.0042735045,0.0042735045,0.0042735045,0.0042735045,0.0042735045,0.0042735045,0.0042735045,0.0042735045,0.0042735045,0.0042735045,0.0042735045,0.0042735045,0.0042735045,0.0042735045,0.0042735045,0.0042735045,0.0042735045,0.0042735045,0.0042735045,0.0042735045,0.0042735045,0.0042735045,0.0042735045,0.0042735045,0.0042735045,0.0042735045,0.0042735045,0.0042735045,0.0042735045,0.0042735045,0.0042735045,0.0042735045,0.0042735045,0.0042735045,0.0042735045,0.0042735045,0.0042735045,0.0042735045,0.0042735045,0.0042735045,0.0042735045,0.0042735045,0.0042735045,0.0042735045,0.0042735045,0.0042735045,0.0042735045,0.0042735045,0.0042735045,0.041401945,0.0042735045,0.0042735045,0.0042735045,0.0042735045,0.0042735045,0.0042735045,0.0042735045,0.0042735045,0.0042735045,0.0042735045,0.0042735045,0.0042735045,0.0042735045,0.0042735045,0.0042735045,0.0042735045,0.0042735045,0.0042735045,0.0042735045,0.0042735045,0.0042735045,0.0042735045,0.0042735045,0.0042735045,0.0042735045,0.4455852,0.30218506,0.0042735045,0.0042735045,0.0042735045,0.0042735045,0.0042735045,0.0042735045,0.0042735045,0.48261315,0.0042735045,0.0042735045,0.0042735045,0.0042735045,0.0042735045,0.0042735045,0.0042735045,0.0042735045,0.0042735045,0.0042735045,0.0042735045,0.0042735045,0.0042735045,0.0042735045,0.0042735045,0.0042735045,0.0042735045,0.0042735045,0.0042735045,0.16006793,0.0042735045,0.0042735045,0.0042735045,0.0042735045,0.0042735045,0.0042735045,0.0042735045,0.0042735045,0.0042735045,0.0042735045,0.0042735045,0.0042735045,0.0042735045,0.0042735045,0.0042735045,0.0042735045,0.0042735045,0.023012133,0.0042735045,0.0042735045,0.0042735045,0.0042735045,0.0042735045,0.0042735045,0.0042735045,0.0042735045,0.0042735045,0.0042735045,0.0042735045,0.0042735045,0.0042735045,0.0042735045,0.0042735045,0.0042735045,0.0042735045,0.0042735045,0.0042735045,0.0042735045,0.5781316,0.0042735045,0.0042735045,0.0042735045,0.0042735045,0.0042735045,0.0042735045,0.0042735045,0.0042735045,0.0042735045,0.0042735045,0.0042735045,0.0042735045,0.0042735045,0.0042735045,0.0042735045,0.0042735045,0.0042735045,0.0042735045,0.0042735045,0.0042735045,0.0042735045,0.0042735045,0.0042735045,0.0042735045,0.7837282,0.0042735045,0.0042735045,0.12356698,0.0042735045,0.0042735045,0.0042735045,0.0042735045,0.0042735045,0.0042735045,0.0042735045,0.0042735045,0.0042735045,0.0042735045,0.0042735045,0.0042735045,0.0042735045,0.0042735045,0.0042735045,0.0042735045,0.0042735045,0.0042735045,0.0042735045,0.0042735045,0.0042735045,0.0042735045,0.0042735045,0.0042735045,0.0042735045,0.0042735045,0.0042735045,0.0042735045,0.0042735045,0.0042735045,0.0042735045,0.0042735045,0.0042735045,0.0042735045,0.8228629
BC2026_Train_0002_S08_20250607_030007_5,0.0042735045,0.0042735045,0.0042735045,0.0042735045,0.0042735045,0.0042735045,0.0042735045,0.0042735045,0.0042735045,0.0042735045,0.0042735045,0.0042735045,0.0042735045,0.0042735045,0.0042735045,0.0042735045,0.0042735045,0.0042735045,0.0042735045,0.0042735045,0.0042735045,0.0042735045,0.0042735045,0.0042735045,0.0042735045,0.0042735045,0.0042735045,0.0042735045,0.0042735045,0.0042735045,0.0042735045,0.0042735045,0.0042735045,0.0042735045,0.0042735045,0.0042735045,0.0042735045,0.0042735045,0.0042735045,0.0042735045,0.0042735045,0.0042735045,0.0042735045,0.0042735045,0.0042735045,0.0042735045,0.0042735045,0.0042735045,0.0042735045,0.0042735045,0.0042735045,0.0042735045,0.0042735045,0.0042735045,0.0042735045,0.0042735045,0.0042735045,0.0042735045,0.0042735045,0.0042735045,0.0042735045,0.0042735045,0.0042735045,0.0042735045,0.0042735045,0.0042735045,0.0042735045,0.0042735045,0.0042735045,0.0042735045,0.0042735045,0.0042735045,0.0042735045,0.0042735045,0.0042735045,0.0042735045,0.06457772,0.0042735045,0.0042735045,0.0042735045,0.0042735045,0.0042735045,0.0042735045,0.0042735045,0.0042735045,0.0042735045,0.0042735045,0.0042735045,0.0042735045,0.0042735045,0.0042735045,0.0042735045,0.0042735045,0.0042735045,0.0042735045,0.0042735045,0.0042735045,0.0042735045,0.0042735045,0.0042735045,0.0042735045,0.0042735045,0.74878925,0.88603497,0.0042735045,0.0042735045,0.0042735045,0.0042735045,0.0042735045,0.0042735045,0.0042735045,0.82148635,0.0042735045,0.0042735045,0.0042735045,0.0042735045,0.0042735045,0.0042735045,0.0042735045,0.0042735045,0.0042735045,0.0042735045,0.0042735045,0.0042735045,0.0042735045,0.0042735045,0.0042735045,0.0042735045,0.0042735045,0.0042735045,0.0042735045,0.6572229,0.0042735045,0.0042735045,0.0042735045,0.0042735045,0.0042735045,0.0042735045,0.0042735045,0.0042735045,0.0042735045,0.0042735045,0.0042735045,0.0042735045,0.0042735045,0.0042735045,0.0042735045,0.0042735045,0.0042735045,0.31470954,0.0042735045,0.0042735045,0.0042735045,0.0042735045,0.0042735045,0.0042735045,0.0042735045,0.0042735045,0.0042735045,0.0042735045,0.0042735045,0.0042735045,0.0042735045,0.0042735045,0.0042735045,0.0042735045,0.0042735045,0.0042735045,0.0042735045,0.0042735045,0.9316687,0.0042735045,0.0042735045,0.0042735045,0.0042735045,0.0042735045,0.0042735045,0.0042735045,0.0042735045,0.0042735045,0.0042735045,0.0042735045,0.0042735045,0.0042735045,0.0042735045,0.0042735045,0.0042735045,0.0042735045,0.0042735045,0.0042735045,0.0042735045,0.0042735045,0.0042735045,0.0042735045,0.0042735045,0.93474364,0.0042735045,0.0042735045,0.5400213,0.0042735045,0.0042735045,0.0042735045,0.0042735045,0.0042735045,0.0042735045,0.0042735045,0.0042735045,0.0042735045,0.0042735045,0.0042735045,0.0042735045,0.0042735045,0.0042735045,0.0042735045,0.0042735045,0.0042735045,0.0042735045,0.0042735045,0.0042735045,0.0042735045,0.0042735045,0.0042735045,0.0042735045,0.0042735045,0.0042735045,0.0042735045,0.0042735045,0.0042735045,0.0042735045,0.0042735045,0.0042735045,0.0042735045,0.0042735045,0.7060721
BC2026_Train_0002_S08_20250607_030007_10,0.0042735045,0.0042735045,0.0042735045,0.0042735045,0.0042735045,0.0042735045,0.0042735045,0.0042735045,0.0042735045,0.0042735045,0.0042735045,0.0042735045,0.0042735045,0.0042735045,0.0042735045,0.0042735045,0.0042735045,0.0042735045,0.0042735045,0.0042735045,0.0042735045,0.0042735045,0.0042735045,0.0042735045,0.0042735045,0.0042735045,0.0042735045,0.0042735045,0.0042735045,0.0042735045,0.0042735045,0.0042735045,0.0042735045,0.0042735045,0.0042735045,0.0042735045,0.0042735045,0.0042735045,0.0042735045,0.0042735045,0.0042735045,0.0042735045,0.0042735045,0.0042735045,0.0042735045,0.0042735045,0.0042735045,0.0042735045,0.0042735045,0.0042735045,0.0042735045,0.0042735045,0.0042735045,0.0042735045,0.0042735045,0.0042735045,0.0042735045,0.0042735045,0.0042735045,0.0042735045,0.0042735045,0.0042735045,0.0042735045,0.0042735045,0.0042735045,0.0042735045,0.0042735045,0.0042735045,0.0042735045,0.0042735045,0.0042735045,0.0042735045,0.0042735045,0.0042735045,0.0042735045,0.0042735045,0.034820836,0.0042735045,0.0042735045,0.0042735045,0.0042735045,0.0042735045,0.0042735045,0.0042735045,0.0042735045,0.0042735045,0.0042735045,0.0042735045,0.0042735045,0.0042735045,0.0042735045,0.0042735045,0.0042735045,0.0042735045,0.0042735045,0.0042735045,0.0042735045,0.0042735045,0.0042735045,0.0042735045,0.0042735045,0.0042735045,0.8764683,0.8185952,0.0042735045,0.0042735045,0.0042735045,0.0042735045,0.0042735045,0.0042735045,0.0042735045,0.6825909,0.0042735045,0.0042735045,0.0042735045,0.0042735045,0.0042735045,0.0042735045,0.0042735045,0.0042735045,0.0042735045,0.0042735045,0.0042735045,0.0042735045,0.0042735045,0.0042735045,0.0042735045,0.0042735045,0.0042735045,0.0042735045,0.0042735045,0.65656275,0.0042735045,0.0042735045,0.0042735045,0.0042735045,0.0042735045,0.0042735045,0.0042735045,0.0042735045,0.0042735045,0.0042735045,0.0042735045,0.0042735045,0.0042735045,0.0042735045,0.0042735045,0.0042735045,0.0042735045,0.19739047,0.0042735045,0.0042735045,0.0042735045,0.0042735045,0.0042735045,0.0042735045,0.0042735045,0.0042735045,0.0042735045,0.0042735045,0.0042735045,0.0042735045,0.0042735045,0.0042735045,0.0042735045,0.0042735045,0.0042735045,0.0042735045,0.0042735045,0.0042735045,0.9234172,0.0042735045,0.0042735045,0.0042735045,0.0042735045,0.0042735045,0.0042735045,0.0042735045,0.0042735045,0.0042735045,0.0042735045,0.0042735045,0.0042735045,0.0042735045,0.0042735045,0.0042735045,0.0042735045,0.0042735045,0.0042735045,0.0042735045,0.0042735045,0.0042735045,0.0042735045,0.0042735045,0.0042735045,0.86432225,0.0042735045,0.0042735045,0.53721905,0.0042735045,0.0042735045,0.0042735045,0.0042735045,0.0042735045,0.0042735045,0.0042735045,0.0042735045,0.0042735045,0.0042735045,0.0042735045,0.0042735045,0.0042735045,0.0042735045,0.0042735045,0.0042735045,0.0042735045,0.0042735045,0.0042735045,0.0042735045,0.0042735045,0.0042735045,0.0042735045,0.0042735045,0.0042735045,0.0042735045,0.0042735045,0.0042735045,0.0042735045,0.0042735045,0.0042735045,0.0042735045,0.0042735045,0.0042735045,0.5533065
BC2026_Train_0002_S08_20250607_030007_15,0.0042735045,0.0042735045,0.0042735045,0.0042735045,0.0042735045,0.0042735045,0.0042735045,0.0042735045,0.0042735045,0.0042735045,0.0042735045,0.0042735045,0.0042735045,0.0042735045,0.0042735045,0.0042735045,0.0042735045,0.0042735045,0.0042735045,0.0042735045,0.0042735045,0.0042735045,0.0042735045,0.0042735045,0.0042735045,0.0042735045,0.0042735045,0.0042735045,0.0042735045,0.0042735045,0.0042735045,0.0042735045,0.0042735045,0.0042735045,0.0042735045,0.0042735045,0.0042735045,0.0042735045,0.0042735045,0.0042735045,0.0042735045,0.0042735045,0.0042735045,0.0042735045,0.0042735045,0.0042735045,0.0042735045,0.0042735045,0.0042735045,0.0042735045,0.0042735045,0.0042735045,0.0042735045,0.0042735045,0.0042735045,0.0042735045,0.0042735045,0.0042735045,0.0042735045,0.0042735045,0.0042735045,0.0042735045,0.0042735045,0.0042735045,0.0042735045,0.0042735045,0.0042735045,0.0042735045,0.0042735045,0.0042735045,0.0042735045,0.0042735045,0.0042735045,0.0042735045,0.0042735045,0.0042735045,0.028820207,0.0042735045,0.0042735045,0.0042735045,0.0042735045,0.0042735045,0.0042735045,0.0042735045,0.0042735045,0.0042735045,0.0042735045,0.0042735045,0.0042735045,0.0042735045,0.0042735045,0.0042735045,0.0042735045,0.0042735045,0.0042735045,0.0042735045,0.0042735045,0.0042735045,0.0042735045,0.0042735045,0.0042735045,0.0042735045,0.9462299,0.7857013,0.0042735045,0.0042735045,0.0042735045,0.0042735045,0.0042735045,0.0042735045,0.0042735045,0.70799005,0.0042735045,0.0042735045,0.0042735045,0.0042735045,0.0042735045,0.0042735045,0.0042735045,0.0042735045,0.0042735045,0.0042735045,0.0042735045,0.0042735045,0.0042735045,0.0042735045,0.0042735045,0.0042735045,0.0042735045,0.0042735045,0.0042735045,0.57979393,0.0042735045,0.0042735045,0.0042735045,0.0042735045,0.0042735045,0.0042735045,0.0042735045,0.0042735045,0.0042735045,0.0042735045,0.0042735045,0.0042735045,0.0042735045,0.0042735045,0.0042735045,0.0042735045,0.0042735045,0.18528329,0.0042735045,0.0042735045,0.0042735045,0.0042735045,0.0042735045,0.0042735045,0.0042735045,0.0042735045,0.0042735045,0.0042735045,0.0042735045,0.0042735045,0.0042735045,0.0042735045,0.0042735045,0.0042735045,0.0042735045,0.0042735045,0.0042735045,0.0042735045,0.9359857,0.0042735045,0.0042735045,0.0042735045,0.0042735045,0.0042735045,0.0042735045,0.0042735045,0.0042735045,0.0042735045,0.0042735045,0.0042735045,0.0042735045,0.0042735045,0.0042735045,0.0042735045,0.0042735045,0.0042735045,0.0042735045,0.0042735045,0.0042735045,0.0042735045,0.0042735045,0.0042735045,0.0042735045,0.8308898,0.0042735045,0.0042735045,0.5697347,0.0042735045,0.0042735045,0.0042735045,0.0042735045,0.0042735045,0.0042735045,0.0042735045,0.0042735045,0.0042735045,0.0042735045,0.0042735045,0.0042735045,0.0042735045,0.0042735045,0.0042735045,0.0042735045,0.0042735045,0.0042735045,0.0042735045,0.0042735045,0.0042735045,0.0042735045,0.0042735045,0.0042735045,0.0042735045,0.0042735045,0.0042735045,0.0042735045,0.0042735045,0.0042735045,0.0042735045,0.0042735045,0.0042735045,0.0042735045,0.49786022
BC2026_Train_0002_S08_20250607_030007_20,0.0042735045,0.0042735045,0.0042735045,0.0042735045,0.0042735045,0.0042735045,0.0042735045,0.0042735045,0.0042735045,0.0042735045,0.0042735045,0.0042735045,0.0042735045,0.0042735045,0.0042735045,0.0042735045,0.0042735045,0.0042735045,0.0042735045,0.0042735045,0.0042735045,0.0042735045,0.0042735045,0.0042735045,0.0042735045,0.0042735045,0.0042735045,0.0042735045,0.0042735045,0.0042735045,0.0042735045,0.0042735045,0.0042735045,0.0042735045,0.0042735045,0.0042735045,0.0042735045,0.0042735045,0.0042735045,0.0042735045,0.0042735045,0.0042735045,0.0042735045,0.0042735045,0.0042735045,0.0042735045,0.0042735045,0.0042735045,0.0042735045,0.0042735045,0.0042735045,0.0042735045,0.0042735045,0.0042735045,0.0042735045,0.0042735045,0.0042735045,0.0042735045,0.0042735045,0.0042735045,0.0042735045,0.0042735045,0.0042735045,0.0042735045,0.0042735045,0.0042735045,0.0042735045,0.0042735045,0.0042735045,0.0042735045,0.0042735045,0.0042735045,0.0042735045,0.0042735045,0.0042735045,0.0042735045,0.021627134,0.0042735045,0.0042735045,0.0042735045,0.0042735045,0.0042735045,0.0042735045,0.0042735045,0.0042735045,0.0042735045,0.0042735045,0.0042735045,0.0042735045,0.0042735045,0.0042735045,0.0042735045,0.0042735045,0.0042735045,0.0042735045,0.0042735045,0.0042735045,0.0042735045,0.0042735045,0.0042735045,0.0042735045,0.0042735045,0.9368926,0.7063796,0.0042735045,0.0042735045,0.0042735045,0.0042735045,0.0042735045,0.0042735045,0.0042735045,0.7694879,0.0042735045,0.0042735045,0.0042735045,0.0042735045,0.0042735045,0.0042735045,0.0042735045,0.0042735045,0.0042735045,0.0042735045,0.0042735045,0.0042735045,0.0042735045,0.0042735045,0.0042735045,0.0042735045,0.0042735045,0.0042735045,0.0042735045,0.5586861,0.0042735045,0.0042735045,0.0042735045,0.0042735045,0.0042735045,0.0042735045,0.0042735045,0.0042735045,0.0042735045,0.0042735045,0.0042735045,0.0042735045,0.0042735045,0.0042735045,0.0042735045,0.0042735045,0.0042735045,0.07425759,0.0042735045,0.0042735045,0.0042735045,0.0042735045,0.0042735045,0.0042735045,0.0042735045,0.0042735045,0.0042735045,0.0042735045,0.0042735045,0.0042735045,0.0042735045,0.0042735045,0.0042735045,0.0042735045,0.0042735045,0.0042735045,0.0042735045,0.0042735045,0.93938357,0.0042735045,0.0042735045,0.0042735045,0.0042735045,0.0042735045,0.0042735045,0.0042735045,0.0042735045,0.0042735045,0.0042735045,0.0042735045,0.0042735045,0.0042735045,0.0042735045,0.0042735045,0.0042735045,0.0042735045,0.0042735045,0.0042735045,0.0042735045,0.0042735045,0.0042735045,0.0042735045,0.0042735045,0.7958498,0.0042735045,0.0042735045,0.57264066,0.0042735045,0.0042735045,0.0042735045,0.0042735045,0.0042735045,0.0042735045,0.0042735045,0.0042735045,0.0042735045,0.0042735045,0.0042735045,0.0042735045,0.0042735045,0.0042735045,0.0042735045,0.0042735045,0.0042735045,0.0042735045,0.0042735045,0.0042735045,0.0042735045,0.0042735045,0.0042735045,0.0042735045,0.0042735045,0.0042735045,0.0042735045,0.0042735045,0.0042735045,0.0042735045,0.0042735045,0.0042735045,0.0042735045,0.0042735045,0.7132082
BC2026_Train_0002_S08_20250607_030007_25,0.0042735045,0.0042735045,0.0042735045,0.0042735045,0.0042735045,0.0042735045,0.0042735045,0.0042735045,0.0042735045,0.0042735045,0.0042735045,0.0042735045,0.0042735045,0.0042735045,0.0042735045,0.0042735045,0.0042735045,0.0042735045,0.0042735045,0.0042735045,0.0042735045,0.0042735045,0.0042735045,0.0042735045,0.0042735045,0.0042735045,0.0042735045,0.0042735045,0.0042735045,0.0042735045,0.0042735045,0.0042735045,0.0042735045,0.0042735045,0.0042735045,0.0042735045,0.0042735045,0.0042735045,0.0042735045,0.0042735045,0.0042735045,0.0042735045,0.0042735045,0.0042735045,0.0042735045,0.0042735045,0.0042735045,0.0042735045,0.0042735045,0.0042735045,0.0042735045,0.0042735045,0.0042735045,0.0042735045,0.0042735045,0.0042735045,0.0042735045,0.0042735045,0.0042735045,0.0042735045,0.0042735045,0.0042735045,0.0042735045,0.0042735045,0.0042735045,0.0042735045,0.0042735045,0.0042735045,0.0042735045,0.0042735045,0.0042735045,0.0042735045,0.0042735045,0.0042735045,0.0042735045,0.0042735045,0.025849467,0.0042735045,0.0042735045,0.0042735045,0.0042735045,0.0042735045,0.0042735045,0.0042735045,0.0042735045,0.0042735045,0.0042735045,0.0042735045,0.0042735045,0.0042735045,0.0042735045,0.0042735045,0.0042735045,0.0042735045,0.0042735045,0.0042735045,0.0042735045,0.0042735045,0.0042735045,0.0042735045,0.0042735045,0.0042735045,0.930276,0.47718507,0.0042735045,0.0042735045,0.0042735045,0.0042735045,0.0042735045,0.0042735045,0.0042735045,0.8840225,0.0042735045,0.0042735045,0.0042735045,0.0042735045,0.0042735045,0.0042735045,0.0042735045,0.0042735045,0.0042735045,0.0042735045,0.0042735045,0.0042735045,0.0042735045,0.0042735045,0.0042735045,0.0042735045,0.0042735045,0.0042735045,0.0042735045,0.5137381,0.0042735045,0.0042735045,0.0042735045,0.0042735045,0.0042735045,0.0042735045,0.0042735045,0.0042735045,0.0042735045,0.0042735045,0.0042735045,0.0042735045,0.0042735045,0.0042735045,0.0042735045,0.0042735045,0.0042735045,0.039852075,0.0042735045,0.0042735045,0.0042735045,0.0042735045,0.0042735045,0.0042735045,0.0042735045,0.0042735045,0.0042735045,0.0042735045,0.0042735045,0.0042735045,0.0042735045,0.0042735045,0.0042735045,0.0042735045,0.0042735045,0.0042735045,0.0042735045,0.0042735045,0.92529565,0.0042735045,0.0042735045,0.0042735045,0.0042735045,0.0042735045,0.0042735045,0.0042735045,0.0042735045,0.0042735045,0.0042735045,0.0042735045,0.0042735045,0.0042735045,0.0042735045,0.0042735045,0.0042735045,0.0042735045,0.0042735045,0.0042735045,0.0042735045,0.0042735045,0.0042735045,0.0042735045,0.0042735045,0.79609233,0.0042735045,0.0042735045,0.592003,0.0042735045,0.0042735045,0.0042735045,0.0042735045,0.0042735045,0.0042735045,0.0042735045,0.0042735045,0.0042735045,0.0042735045,0.0042735045,0.0042735045,0.0042735045,0.0042735045,0.0042735045,0.0042735045,0.0042735045,0.0042735045,0.0042735045,0.0042735045,0.0042735045,0.0042735045,0.0042735045,0.0042735045,0.0042735045,0.0042735045,0.0042735045,0.0042735045,0.0042735045,0.0042735045,0.0042735045,0.0042735045,0.0042735045,0.0042735045,0.73020375
BC2026_Train_0002_S08_20250607_030007_30,0.0042735045,0.0042735045,0.0042735045,0.0042735045,0.0042735045,0.0042735045,0.0042735045,0.0042735045,0.0042735045,0.0042735045,0.0042735045,0.0042735045,0.0042735045,0.0042735045,0.0042735045,0.0042735045,0.0042735045,0.0042735045,0.0042735045,0.0042735045,0.0042735045,0.0042735045,0.0042735045,0.0042735045,0.0042735045,0.0042735045,0.0042735045,0.0042735045,0.0042735045,0.0042735045,0.0042735045,0.0042735045,0.0042735045,0.0042735045,0.0042735045,0.0042735045,0.0042735045,0.0042735045,0.0042735045,0.0042735045,0.0042735045,0.0042735045,0.0042735045,0.0042735045,0.0042735045,0.0042735045,0.0042735045,0.0042735045,0.0042735045,0.0042735045,0.0042735045,0.0042735045,0.0042735045,0.0042735045,0.0042735045,0.0042735045,0.0042735045,0.0042735045,0.0042735045,0.0042735045,0.0042735045,0.0042735045,0.0042735045,0.0042735045,0.0042735045,0.0042735045,0.0042735045,0.0042735045,0.0042735045,0.0042735045,0.0042735045,0.0042735045,0.0042735045,0.0042735045,0.0042735045,0.0042735045,0.024619237,0.0042735045,0.0042735045,0.0042735045,0.0042735045,0.0042735045,0.0042735045,0.0042735045,0.0042735045,0.0042735045,0.0042735045,0.0042735045,0.0042735045,0.0042735045,0.0042735045,0.0042735045,0.0042735045,0.0042735045,0.0042735045,0.0042735045,0.0042735045,0.0042735045,0.0042735045,0.0042735045,0.0042735045,0.0042735045,0.90327543,0.45032823,0.0042735045,0.0042735045,0.0042735045,0.0042735045,0.0042735045,0.0042735045,0.0042735045,0.8925325,0.0042735045,0.0042735045,0.0042735045,0.0042735045,0.0042735045,0.0042735045,0.0042735045,0.0042735045,0.0042735045,0.0042735045,0.0042735045,0.0042735045,0.0042735045,0.0042735045,0.0042735045,0.0042735045,0.0042735045,0.0042735045,0.0042735045,0.54781806,0.0042735045,0.0042735045,0.0042735045,0.0042735045,0.0042735045,0.0042735045,0.0042735045,0.0042735045,0.0042735045,0.0042735045,0.0042735045,0.0042735045,0.0042735045,0.0042735045,0.0042735045,0.0042735045,0.0042735045,0.014721842,0.0042735045,0.0042735045,0.0042735045,0.0042735045,0.0042735045,0.0042735045,0.0042735045,0.0042735045,0.0042735045,0.0042735045,0.0042735045,0.0042735045,0.0042735045,0.0042735045,0.0042735045,0.0042735045,0.0042735045,0.0042735045,0.0042735045,0.0042735045,0.89801246,0.0042735045,0.0042735045,0.0042735045,0.0042735045,0.0042735045,0.0042735045,0.0042735045,0.0042735045,0.0042735045,0.0042735045,0.0042735045,0.0042735045,0.0042735045,0.0042735045,0.0042735045,0.0042735045,0.0042735045,0.0042735045,0.0042735045,0.0042735045,0.0042735045,0.0042735045,0.0042735045,0.0042735045,0.7990686,0.0042735045,0.0042735045,0.59374326,0.0042735045,0.0042735045,0.0042735045,0.0042735045,0.0042735045,0.0042735045,0.0042735045,0.0042735045,0.0042735045,0.0042735045,0.0042735045,0.0042735045,0.0042735045,0.0042735045,0.0042735045,0.0042735045,0.0042735045,0.0042735045,0.0042735045,0.0042735045,0.0042735045,0.0042735045,0.0042735045,0.0042735045,0.0042735045,0.0042735045,0.0042735045,0.0042735045,0.0042735045,0.0042735045,0.0042735045,0.0042735045,0.0042735045,0.0042735045,0.75276464
BC2026_Train_0002_S08_20250607_030007_35,0.0042735045,0.0042735045,0.0042735045,0.0042735045,0.0042735045,0.0042735045,0.0042735045,0.0042735045,0.0042735045,0.0042735045,0.0042735045,0.0042735045,0.0042735045,0.0042735045,0.0042735045,0.0042735045,0.0042735045,0.0042735045,0.0042735045,0.0042735045,0.0042735045,0.0042735045,0.0042735045,0.0042735045,0.0042735045,0.0042735045,0.0042735045,0.0042735045,0.0042735045,0.0042735045,0.0042735045,0.0042735045,0.0042735045,0.0042735045,0.0042735045,0.0042735045,0.0042735045,0.0042735045,0.0042735045,0.0042735045,0.0042735045,0.0042735045,0.0042735045,0.0042735045,0.0042735045,0.0042735045,0.0042735045,0.0042735045,0.0042735045,0.0042735045,0.0042735045,0.0042735045,0.0042735045,0.0042735045,0.0042735045,0.0042735045,0.0042735045,0.0042735045,0.0042735045,0.0042735045,0.0042735045,0.0042735045,0.0042735045,0.0042735045,0.0042735045,0.0042735045,0.0042735045,0.0042735045,0.0042735045,0.0042735045,0.0042735045,0.0042735045,0.0042735045,0.0042735045,0.0042735045,0.0042735045,0.049257208,0.0042735045,0.0042735045,0.0042735045,0.0042735045,0.0042735045,0.0042735045,0.0042735045,0.0042735045,0.0042735045,0.0042735045,0.0042735045,0.0042735045,0.0042735045,0.0042735045,0.0042735045,0.0042735045,0.0042735045,0.0042735045,0.0042735045,0.0042735045,0.0042735045,0.0042735045,0.0042735045,0.0042735045,0.0042735045,0.77743274,0.41234693,0.0042735045,0.0042735045,0.0042735045,0.0042735045,0.0042735045,0.0042735045,0.0042735045,0.88258296,0.0042735045,0.0042735045,0.0042735045,0.0042735045,0.0042735045,0.0042735045,0.0042735045,0.0042735045,0.0042735045,0.0042735045,0.0042735045,0.0042735045,0.0042735045,0.0042735045,0.0042735045,0.0042735045,0.0042735045,0.0042735045,0.0042735045,0.5152565,0.0042735045,0.0042735045,0.0042735045,0.0042735045,0.0042735045,0.0042735045,0.0042735045,0.0042735045,0.0042735045,0.0042735045,0.0042735045,0.0042735045,0.0042735045,0.0042735045,0.0042735045,0.0042735045,0.0042735045,0.032823574,0.0042735045,0.0042735045,0.0042735045,0.0042735045,0.0042735045,0.0042735045,0.0042735045,0.0042735045,0.0042735045,0.0042735045,0.0042735045,0.0042735045,0.0042735045,0.0042735045,0.0042735045,0.0042735045,0.0042735045,0.0042735045,0.0042735045,0.0042735045,0.9370388,0.0042735045,0.0042735045,0.0042735045,0.0042735045,0.0042735045,0.0042735045,0.0042735045,0.0042735045,0.0042735045,0.0042735045,0.0042735045,0.0042735045,0.0042735045,0.0042735045,0.0042735045,0.0042735045,0.0042735045,0.0042735045,0.0042735045,0.0042735045,0.0042735045,0.0042735045,0.0042735045,0.0042735045,0.8273141,0.0042735045,0.0042735045,0.31870085,0.0042735045,0.0042735045,0.0042735045,0.0042735045,0.0042735045,0.0042735045,0.0042735045,0.0042735045,0.0042735045,0.0042735045,0.0042735045,0.0042735045,0.0042735045,0.0042735045,0.0042735045,0.0042735045,0.0042735045,0.0042735045,0.0042735045,0.0042735045,0.0042735045,0.0042735045,0.0042735045,0.0042735045,0.0042735045,0.0042735045,0.0042735045,0.0042735045,0.0042735045,0.0042735045,0.0042735045,0.0042735045,0.0042735045,0.0042735045,0.74551636
BC2026_Train_0002_S08_20250607_030007_40,0.0042735045,0.0042735045,0.0042735045,0.0042735045,0.0042735045,0.0042735045,0.0042735045,0.0042735045,0.0042735045,0.0042735045,0.0042735045,0.0042735045,0.0042735045,0.0042735045,0.0042735045,0.0042735045,0.0042735045,0.0042735045,0.0042735045,0.0042735045,0.0042735045,0.0042735045,0.0042735045,0.0042735045,0.0042735045,0.0042735045,0.0042735045,0.0042735045,0.0042735045,0.0042735045,0.0042735045,0.0042735045,0.0042735045,0.0042735045,0.0042735045,0.0042735045,0.0042735045,0.0042735045,0.0042735045,0.0042735045,0.0042735045,0.0042735045,0.0042735045,0.0042735045,0.0042735045,0.0042735045,0.0042735045,0.0042735045,0.0042735045,0.0042735045,0.0042735045,0.0042735045,0.0042735045,0.0042735045,0.0042735045,0.0042735045,0.0042735045,0.0042735045,0.0042735045,0.0042735045,0.0042735045,0.0042735045,0.0042735045,0.0042735045,0.0042735045,0.0042735045,0.0042735045,0.0042735045,0.0042735045,0.0042735045,0.0042735045,0.0042735045,0.0042735045,0.0042735045,0.0042735045,0.0042735045,0.06822544,0.0042735045,0.0042735045,0.0042735045,0.0042735045,0.0042735045,0.0042735045,0.0042735045,0.0042735045,0.0042735045,0.0042735045,0.0042735045,0.0042735045,0.0042735045,0.0042735045,0.0042735045,0.0042735045,0.0042735045,0.0042735045,0.0042735045,0.0042735045,0.0042735045,0.0042735045,0.0042735045,0.0042735045,0.0042735045,0.7242126,0.5059611,0.0042735045,0.0042735045,0.0042735045,0.0042735045,0.0042735045,0.0042735045,0.0042735045,0.8751212,0.0042735045,0.0042735045,0.0042735045,0.0042735045,0.0042735045,0.0042735045,0.0042735045,0.0042735045,0.0042735045,0.0042735045,0.0042735045,0.0042735045,0.0042735045,0.0042735045,0.0042735045,0.0042735045,0.0042735045,0.0042735045,0.0042735045,0.5133025,0.0042735045,0.0042735045,0.0042735045,0.0042735045,0.0042735045,0.0042735045,0.0042735045,0.0042735045,0.0042735045,0.0042735045,0.0042735045,0.0042735045,0.0042735045,0.0042735045,0.0042735045,0.0042735045,0.0042735045,0.08102981,0.0042735045,0.0042735045,0.0042735045,0.0042735045,0.0042735045,0.0042735045,0.0042735045,0.0042735045,0.0042735045,0.0042735045,0.0042735045,0.0042735045,0.0042735045,0.0042735045,0.0042735045,0.0042735045,0.0042735045,0.0042735045,0.0042735045,0.0042735045,0.9476806,0.0042735045,0.0042735045,0.0042735045,0.0042735045,0.0042735045,0.0042735045,0.0042735045,0.0042735045,0.0042735045,0.0042735045,0.0042735045,0.0042735045,0.0042735045,0.0042735045,0.0042735045,0.0042735045,0.0042735045,0.0042735045,0.0042735045,0.0042735045,0.0042735045,0.0042735045,0.0042735045,0.0042735045,0.7712997,0.0042735045,0.0042735045,0.2664588,0.0042735045,0.0042735045,0.0042735045,0.0042735045,0.0042735045,0.0042735045,0.0042735045,0.0042735045,0.0042735045,0.0042735045,0.0042735045,0.0042735045,0.0042735045,0.0042735045,0.0042735045,0.0042735045,0.0042735045,0.0042735045,0.0042735045,0.0042735045,0.0042735045,0.0042735045,0.0042735045,0.0042735045,0.0042735045,0.0042735045,0.0042735045,0.0042735045,0.0042735045,0.0042735045,0.0042735045,0.0042735045,0.0042735045,0.0042735045,0.7005669
BC2026_Train_0002_S08_20250607_030007_45,0.0042735045,0.0042735045,0.0042735045,0.0042735045,0.0042735045,0.0042735045,0.0042735045,0.0042735045,0.0042735045,0.0042735045,0.0042735045,0.0042735045,0.0042735045,0.0042735045,0.0042735045,0.0042735045,0.0042735045,0.0042735045,0.0042735045,0.0042735045,0.0042735045,0.0042735045,0.0042735045,0.0042735045,0.0042735045,0.0042735045,0.0042735045,0.0042735045,0.0042735045,0.0042735045,0.0042735045,0.0042735045,0.0042735045,0.0042735045,0.0042735045,0.0042735045,0.0042735045,0.0042735045,0.0042735045,0.0042735045,0.0042735045,0.0042735045,0.0042735045,0.0042735045,0.0042735045,0.0042735045,0.0042735045,0.0042735045,0.0042735045,0.0042735045,0.0042735045,0.0042735045,0.0042735045,0.0042735045,0.0042735045,0.0042735045,0.0042735045,0.0042735045,0.0042735045,0.0042735045,0.0042735045,0.0042735045,0.0042735045,0.0042735045,0.0042735045,0.0042735045,0.0042735045,0.0042735045,0.0042735045,0.0042735045,0.0042735045,0.0042735045,0.0042735045,0.0042735045,0.0042735045,0.0042735045,0.07018129,0.0042735045,0.0042735045,0.0042735045,0.0042735045,0.0042735045,0.0042735045,0.0042735045,0.0042735045,0.0042735045,0.0042735045,0.0042735045,0.0042735045,0.0042735045,0.0042735045,0.0042735045,0.0042735045,0.0042735045,0.0042735045,0.0042735045,0.0042735045,0.0042735045,0.0042735045,0.0042735045,0.0042735045,0.0042735045,0.66820854,0.6205571,0.0042735045,0.0042735045,0.0042735045,0.0042735045,0.0042735045,0.0042735045,0.0042735045,0.9004841,0.0042735045,0.0042735045,0.0042735045,0.0042735045,0.0042735045,0.0042735045,0.0042735045,0.0042735045,0.0042735045,0.0042735045,0.0042735045,0.0042735045,0.0042735045,0.0042735045,0.0042735045,0.0042735045,0.0042735045,0.0042735045,0.0042735045,0.7543371,0.0042735045,0.0042735045,0.0042735045,0.0042735045,0.0042735045,0.0042735045,0.0042735045,0.0042735045,0.0042735045,0.0042735045,0.0042735045,0.0042735045,0.0042735045,0.0042735045,0.0042735045,0.0042735045,0.0042735045,0.11634264,0.0042735045,0.0042735045,0.0042735045,0.0042735045,0.0042735045,0.0042735045,0.0042735045,0.0042735045,0.0042735045,0.0042735045,0.0042735045,0.0042735045,0.0042735045,0.0042735045,0.0042735045,0.0042735045,0.0042735045,0.0042735045,0.0042735045,0.0042735045,0.95616,0.0042735045,0.0042735045,0.0042735045,0.0042735045,0.0042735045,0.0042735045,0.0042735045,0.0042735045,0.0042735045,0.0042735045,0.0042735045,0.0042735045,0.0042735045,0.0042735045,0.0042735045,0.0042735045,0.0042735045,0.0042735045,0.0042735045,0.0042735045,0.0042735045,0.0042735045,0.0042735045,0.0042735045,0.7846829,0.0042735045,0.0042735045,0.23843949,0.0042735045,0.0042735045,0.0042735045,0.0042735045,0.0042735045,0.0042735045,0.0042735045,0.0042735045,0.0042735045,0.0042735045,0.0042735045,0.0042735045,0.0042735045,0.0042735045,0.0042735045,0.0042735045,0.0042735045,0.0042735045,0.0042735045,0.0042735045,0.0042735045,0.0042735045,0.0042735045,0.0042735045,0.0042735045,0.0042735045,0.0042735045,0.0042735045,0.0042735045,0.0042735045,0.0042735045,0.0042735045,0.0042735045,0.0042735045,0.8840483
BC2026_Train_0002_S08_20250607_030007_50,0.0042735045,0.0042735045,0.0042735045,0.0042735045,0.0042735045,0.0042735045,0.0042735045,0.0042735045,0.0042735045,0.0042735045,0.0042735045,0.0042735045,0.0042735045,0.0042735045,0.0042735045,0.0042735045,0.0042735045,0.0042735045,0.0042735045,0.0042735045,0.0042735045,0.0042735045,0.0042735045,0.0042735045,0.0042735045,0.0042735045,0.0042735045,0.0042735045,0.0042735045,0.0042735045,0.0042735045,0.0042735045,0.0042735045,0.0042735045,0.0042735045,0.0042735045,0.0042735045,0.0042735045,0.0042735045,0.0042735045,0.0042735045,0.0042735045,0.0042735045,0.0042735045,0.0042735045,0.0042735045,0.0042735045,0.0042735045,0.0042735045,0.0042735045,0.0042735045,0.0042735045,0.0042735045,0.0042735045,0.0042735045,0.0042735045,0.0042735045,0.0042735045,0.0042735045,0.0042735045,0.0042735045,0.0042735045,0.0042735045,0.0042735045,0.0042735045,0.0042735045,0.0042735045,0.0042735045,0.0042735045,0.0042735045,0.0042735045,0.0042735045,0.0042735045,0.0042735045,0.0042735045,0.0042735045,0.032895,0.0042735045,0.0042735045,0.0042735045,0.0042735045,0.0042735045,0.0042735045,0.0042735045,0.0042735045,0.0042735045,0.0042735045,0.0042735045,0.0042735045,0.0042735045,0.0042735045,0.0042735045,0.0042735045,0.0042735045,0.0042735045,0.0042735045,0.0042735045,0.0042735045,0.0042735045,0.0042735045,0.0042735045,0.0042735045,0.7708748,0.8302897,0.0042735045,0.0042735045,0.0042735045,0.0042735045,0.0042735045,0.0042735045,0.0042735045,0.9331008,0.0042735045,0.0042735045,0.0042735045,0.0042735045,0.0042735045,0.0042735045,0.0042735045,0.0042735045,0.0042735045,0.0042735045,0.0042735045,0.0042735045,0.0042735045,0.0042735045,0.0042735045,0.0042735045,0.0042735045,0.0042735045,0.0042735045,0.800073,0.0042735045,0.0042735045,0.0042735045,0.0042735045,0.0042735045,0.0042735045,0.0042735045,0.0042735045,0.0042735045,0.0042735045,0.0042735045,0.0042735045,0.0042735045,0.0042735045,0.0042735045,0.0042735045,0.0042735045,0.08292196,0.0042735045,0.0042735045,0.0042735045,0.0042735045,0.0042735045,0.0042735045,0.0042735045,0.0042735045,0.0042735045,0.0042735045,0.0042735045,0.0042735045,0.0042735045,0.0042735045,0.0042735045,0.0042735045,0.0042735045,0.0042735045,0.0042735045,0.0042735045,0.9357858,0.0042735045,0.0042735045,0.0042735045,0.0042735045,0.0042735045,0.0042735045,0.0042735045,0.0042735045,0.0042735045,0.0042735045,0.0042735045,0.0042735045,0.0042735045,0.0042735045,0.0042735045,0.0042735045,0.0042735045,0.0042735045,0.0042735045,0.0042735045,0.0042735045,0.0042735045,0.0042735045,0.0042735045,0.8487118,0.0042735045,0.0042735045,0.49238947,0.0042735045,0.0042735045,0.0042735045,0.0042735045,0.0042735045,0.0042735045,0.0042735045,0.0042735045,0.0042735045,0.0042735045,0.0042735045,0.0042735045,0.0042735045,0.0042735045,0.0042735045,0.0042735045,0.0042735045,0.0042735045,0.0042735045,0.0042735045,0.0042735045,0.0042735045,0.0042735045,0.0042735045,0.0042735045,0.0042735045,0.0042735045,0.0042735045,0.0042735045,0.0042735045,0.0042735045,0.0042735045,0.0042735045,0.0042735045,0.90812236
BC2026_Train_0002_S08_20250607_030007_55,0.0042735045,0.0042735045,0.0042735045,0.0042735045,0.0042735045,0.0042735045,0.0042735045,0.0042735045,0.0042735045,0.0042735045,0.0042735045,0.0042735045,0.0042735045,0.0042735045,0.0042735045,0.0042735045,0.0042735045,0.0042735045,0.0042735045,0.0042735045,0.0042735045,0.0042735045,0.0042735045,0.0042735045,0.0042735045,0.0042735045,0.0042735045,0.0042735045,0.0042735045,0.0042735045,0.0042735045,0.0042735045,0.0042735045,0.0042735045,0.0042735045,0.0042735045,0.0042735045,0.0042735045,0.0042735045,0.0042735045,0.0042735045,0.0042735045,0.0042735045,0.0042735045,0.0042735045,0.0042735045,0.0042735045,0.0042735045,0.0042735045,0.0042735045,0.0042735045,0.0042735045,0.0042735045,0.0042735045,0.0042735045,0.0042735045,0.0042735045,0.0042735045,0.0042735045,0.0042735045,0.0042735045,0.0042735045,0.0042735045,0.0042735045,0.0042735045,0.0042735045,0.0042735045,0.0042735045,0.0042735045,0.0042735045,0.0042735045,0.0042735045,0.0042735045,0.0042735045,0.0042735045,0.0042735045,0.028651562,0.0042735045,0.0042735045,0.0042735045,0.0042735045,0.0042735045,0.0042735045,0.0042735045,0.0042735045,0.0042735045,0.0042735045,0.0042735045,0.0042735045,0.0042735045,0.0042735045,0.0042735045,0.0042735045,0.0042735045,0.0042735045,0.0042735045,0.0042735045,0.0042735045,0.0042735045,0.0042735045,0.0042735045,0.0042735045,0.6428817,0.92098564,0.0042735045,0.0042735045,0.0042735045,0.0042735045,0.0042735045,0.0042735045,0.0042735045,0.9340267,0.0042735045,0.0042735045,0.0042735045,0.0042735045,0.0042735045,0.0042735045,0.0042735045,0.0042735045,0.0042735045,0.0042735045,0.0042735045,0.0042735045,0.0042735045,0.0042735045,0.0042735045,0.0042735045,0.0042735045,0.0042735045,0.0042735045,0.82191133,0.0042735045,0.0042735045,0.0042735045,0.0042735045,0.0042735045,0.0042735045,0.0042735045,0.0042735045,0.0042735045,0.0042735045,0.0042735045,0.0042735045,0.0042735045,0.0042735045,0.0042735045,0.0042735045,0.0042735045,0.037383344,0.0042735045,0.0042735045,0.0042735045,0.0042735045,0.0042735045,0.0042735045,0.0042735045,0.0042735045,0.0042735045,0.0042735045,0.0042735045,0.0042735045,0.0042735045,0.0042735045,0.0042735045,0.0042735045,0.0042735045,0.0042735045,0.0042735045,0.0042735045,0.9251108,0.0042735045,0.0042735045,0.0042735045,0.0042735045,0.0042735045,0.0042735045,0.0042735045,0.0042735045,0.0042735045,0.0042735045,0.0042735045,0.0042735045,0.0042735045,0.0042735045,0.0042735045,0.0042735045,0.0042735045,0.0042735045,0.0042735045,0.0042735045,0.0042735045,0.0042735045,0.0042735045,0.0042735045,0.9422659,0.0042735045,0.0042735045,0.6161347,0.0042735045,0.0042735045,0.0042735045,0.0042735045,0.0042735045,0.0042735045,0.0042735045,0.0042735045,0.0042735045,0.0042735045,0.0042735045,0.0042735045,0.0042735045,0.0042735045,0.0042735045,0.0042735045,0.0042735045,0.0042735045,0.0042735045,0.0042735045,0.0042735045,0.0042735045,0.0042735045,0.0042735045,0.0042735045,0.0042735045,0.0042735045,0.0042735045,0.0042735045,0.0042735045,0.0042735045,0.0042735045,0.0042735045,0.0042735045,0.8914117
BC2026_Train_0002_S08_20250607_030007_60,0.0042735045,0.0042735045,0.0042735045,0.0042735045,0.0042735045,0.0042735045,0.0042735045,0.0042735045,0.0042735045,0.0042735045,0.0042735045,0.0042735045,0.0042735045,0.0042735045,0.0042735045,0.0042735045,0.0042735045,0.0042735045,0.0042735045,0.0042735045,0.0042735045,0.0042735045,0.0042735045,0.0042735045,0.0042735045,0.0042735045,0.0042735045,0.0042735045,0.0042735045,0.0042735045,0.0042735045,0.0042735045,0.0042735045,0.0042735045,0.0042735045,0.0042735045,0.0042735045,0.0042735045,0.0042735045,0.0042735045,0.0042735045,0.0042735045,0.0042735045,0.0042735045,0.0042735045,0.0042735045,0.0042735045,0.0042735045,0.0042735045,0.0042735045,0.0042735045,0.0042735045,0.0042735045,0.0042735045,0.0042735045,0.0042735045,0.0042735045,0.0042735045,0.0042735045,0.0042735045,0.0042735045,0.0042735045,0.0042735045,0.0042735045,0.0042735045,0.0042735045,0.0042735045,0.0042735045,0.0042735045,0.0042735045,0.0042735045,0.0042735045,0.0042735045,0.0042735045,0.0042735045,0.0042735045,0.02618631,0.0042735045,0.0042735045,0.0042735045,0.0042735045,0.0042735045,0.0042735045,0.0042735045,0.0042735045,0.0042735045,0.0042735045,0.0042735045,0.0042735045,0.0042735045,0.0042735045,0.0042735045,0.0042735045,0.0042735045,0.0042735045,0.0042735045,0.0042735045,0.0042735045,0.0042735045,0.0042735045,0.0042735045,0.0042735045,0.47113973,0.9676559,0.0042735045,0.0042735045,0.0042735045,0.0042735045,0.0042735045,0.0042735045,0.0042735045,0.88741803,0.0042735045,0.0042735045,0.0042735045,0.0042735045,0.0042735045,0.0042735045,0.0042735045,0.0042735045,0.0042735045,0.0042735045,0.0042735045,0.0042735045,0.0042735045,0.0042735045,0.0042735045,0.0042735045,0.0042735045,0.0042735045,0.0042735045,0.6952111,0.0042735045,0.0042735045,0.0042735045,0.0042735045,0.0042735045,0.0042735045,0.0042735045,0.0042735045,0.0042735045,0.0042735045,0.0042735045,0.0042735045,0.0042735045,0.0042735045,0.0042735045,0.0042735045,0.0042735045,0.013861433,0.0042735045,0.0042735045,0.0042735045,0.0042735045,0.0042735045,0.0042735045,0.0042735045,0.0042735045,0.0042735045,0.0042735045,0.0042735045,0.0042735045,0.0042735045,0.0042735045,0.0042735045,0.0042735045,0.0042735045,0.0042735045,0.0042735045,0.0042735045,0.96938133,0.0042735045,0.0042735045,0.0042735045,0.0042735045,0.0042735045,0.0042735045,0.0042735045,0.0042735045,0.0042735045,0.0042735045,0.0042735045,0.0042735045,0.0042735045,0.0042735045,0.0042735045,0.0042735045,0.0042735045,0.0042735045,0.0042735045,0.0042735045,0.0042735045,0.0042735045,0.0042735045,0.0042735045,0.9888337,0.0042735045,0.0042735045,0.59866905,0.0042735045,0.0042735045,0.0042735045,0.0042735045,0.0042735045,0.0042735045,0.0042735045,0.0042735045,0.0042735045,0.0042735045,0.0042735045,0.0042735045,0.0042735045,0.0042735045,0.0042735045,0.0042735045,0.0042735045,0.0042735045,0.0042735045,0.0042735045,0.0042735045,0.0042735045,0.0042735045,0.0042735045,0.0042735045,0.0042735045,0.0042735045,0.0042735045,0.0042735045,0.0042735045,0.0042735045,0.0042735045,0.0042735045,0.0042735045,0.81174487
BC2026_Train_0003_S08_20250607_070007_5,0.0042735045,0.0042735045,0.0042735045,0.0042735045,0.0042735045,0.0042735045,0.0042735045,0.0042735045,0.0042735045,0.0042735045,0.0042735045,0.0042735045,0.0042735045,0.0042735045,0.0042735045,0.0042735045,0.0042735045,0.0042735045,0.0042735045,0.0042735045,0.0042735045,0.0042735045,0.0042735045,0.0042735045,0.0042735045,0.0042735045,0.0042735045,0.0042735045,0.0042735045,0.0042735045,0.0042735045,0.0042735045,0.0042735045,0.0042735045,0.0042735045,0.0042735045,0.0042735045,0.0042735045,0.0042735045,0.0042735045,0.0042735045,0.0042735045,0.0042735045,0.0042735045,0.0042735045,0.0042735045,0.0042735045,0.0042735045,0.0042735045,0.0042735045,0.0042735045,0.0042735045,0.0042735045,0.0042735045,0.0042735045,0.0042735045,0.0042735045,0.0042735045,0.0042735045,0.0042735045,0.0042735045,0.0042735045,0.0042735045,0.0042735045,0.0042735045,0.0042735045,0.0042735045,0.0042735045,0.0042735045,0.0042735045,0.0042735045,0.0042735045,0.0042735045,0.0042735045,0.0042735045,0.0042735045,0.5369947,0.0042735045,0.0042735045,0.0042735045,0.0042735045,0.0042735045,0.0042735045,0.0042735045,0.0042735045,0.0042735045,0.0042735045,0.0042735045,0.0042735045,0.0042735045,0.0042735045,0.0042735045,0.0042735045,0.0042735045,0.0042735045,0.0042735045,0.0042735045,0.0042735045,0.0042735045,0.0042735045,0.0042735045,0.0042735045,0.46832064,0.6487144,0.0042735045,0.0042735045,0.0042735045,0.0042735045,0.0042735045,0.0042735045,0.0042735045,0.76975673,0.0042735045,0.0042735045,0.0042735045,0.0042735045,0.0042735045,0.0042735045,0.0042735045,0.0042735045,0.0042735045,0.0042735045,0.0042735045,0.0042735045,0.0042735045,0.0042735045,0.0042735045,0.0042735045,0.0042735045,0.0042735045,0.0042735045,0.06528556,0.0042735045,0.0042735045,0.0042735045,0.0042735045,0.0042735045,0.0042735045,0.0042735045,0.0042735045,0.0042735045,0.0042735045,0.0042735045,0.0042735045,0.0042735045,0.0042735045,0.0042735045,0.0042735045,0.0042735045,0.1011506,0.0042735045,0.0042735045,0.0042735045,0.0042735045,0.0042735045,0.0042735045,0.0042735045,0.0042735045,0.0042735045,0.0042735045,0.0042735045,0.0042735045,0.0042735045,0.0042735045,0.0042735045,0.0042735045,0.0042735045,0.0042735045,0.0042735045,0.0042735045,0.8648005,0.0042735045,0.0042735045,0.0042735045,0.0042735045,0.0042735045,0.0042735045,0.0042735045,0.0042735045,0.0042735045,0.0042735045,0.0042735045,0.0042735045,0.0042735045,0.0042735045,0.0042735045,0.0042735045,0.0042735045,0.0042735045,0.0042735045,0.0042735045,0.0042735045,0.0042735045,0.0042735045,0.0042735045,0.4638174,0.0042735045,0.0042735045,0.0811611,0.0042735045,0.0042735045,0.0042735045,0.0042735045,0.0042735045,0.0042735045,0.0042735045,0.0042735045,0.0042735045,0.0042735045,0.0042735045,0.0042735045,0.0042735045,0.0042735045,0.0042735045,0.0042735045,0.0042735045,0.0042735045,0.0042735045,0.0042735045,0.0042735045,0.0042735045,0.0042735045,0.0042735045,0.0042735045,0.0042735045,0.0042735045,0.0042735045,0.0042735045,0.0042735045,0.0042735045,0.0042735045,0.0042735045,0.0042735045,0.97692823
BC2026_Train_0003_S08_20250607_070007_10,0.0042735045,0.0042735045,0.0042735045,0.0042735045,0.0042735045,0.0042735045,0.0042735045,0.0042735045,0.0042735045,0.0042735045,0.0042735045,0.0042735045,0.0042735045,0.0042735045,0.0042735045,0.0042735045,0.0042735045,0.0042735045,0.0042735045,0.0042735045,0.0042735045,0.0042735045,0.0042735045,0.0042735045,0.0042735045,0.0042735045,0.0042735045,0.0042735045,0.0042735045,0.0042735045,0.0042735045,0.0042735045,0.0042735045,0.0042735045,0.0042735045,0.0042735045,0.0042735045,0.0042735045,0.0042735045,0.0042735045,0.0042735045,0.0042735045,0.0042735045,0.0042735045,0.0042735045,0.0042735045,0.0042735045,0.0042735045,0.0042735045,0.0042735045,0.0042735045,0.0042735045,0.0042735045,0.0042735045,0.0042735045,0.0042735045,0.0042735045,0.0042735045,0.0042735045,0.0042735045,0.0042735045,0.0042735045,0.0042735045,0.0042735045,0.0042735045,0.0042735045,0.0042735045,0.0042735045,0.0042735045,0.0042735045,0.0042735045,0.0042735045,0.0042735045,0.0042735045,0.0042735045,0.0042735045,0.6610484,0.0042735045,0.0042735045,0.0042735045,0.0042735045,0.0042735045,0.0042735045,0.0042735045,0.0042735045,0.0042735045,0.0042735045,0.0042735045,0.0042735045,0.0042735045,0.0042735045,0.0042735045,0.0042735045,0.0042735045,0.0042735045,0.0042735045,0.0042735045,0.0042735045,0.0042735045,0.0042735045,0.0042735045,0.0042735045,0.7183528,0.57787347,0.0042735045,0.0042735045,0.0042735045,0.0042735045,0.0042735045,0.0042735045,0.0042735045,0.71744674,0.0042735045,0.0042735045,0.0042735045,0.0042735045,0.0042735045,0.0042735045,0.0042735045,0.0042735045,0.0042735045,0.0042735045,0.0042735045,0.0042735045,0.0042735045,0.0042735045,0.0042735045,0.0042735045,0.0042735045,0.0042735045,0.0042735045,0.09806024,0.0042735045,0.0042735045,0.0042735045,0.0042735045,0.0042735045,0.0042735045,0.0042735045,0.0042735045,0.0042735045,0.0042735045,0.0042735045,0.0042735045,0.0042735045,0.0042735045,0.0042735045,0.0042735045,0.0042735045,0.05306342,0.0042735045,0.0042735045,0.0042735045,0.0042735045,0.0042735045,0.0042735045,0.0042735045,0.0042735045,0.0042735045,0.0042735045,0.0042735045,0.0042735045,0.0042735045,0.0042735045,0.0042735045,0.0042735045,0.0042735045,0.0042735045,0.0042735045,0.0042735045,0.80854905,0.0042735045,0.0042735045,0.0042735045,0.0042735045,0.0042735045,0.0042735045,0.0042735045,0.0042735045,0.0042735045,0.0042735045,0.0042735045,0.0042735045,0.0042735045,0.0042735045,0.0042735045,0.0042735045,0.0042735045,0.0042735045,0.0042735045,0.0042735045,0.0042735045,0.0042735045,0.0042735045,0.0042735045,0.35255146,0.0042735045,0.0042735045,0.057943445,0.0042735045,0.0042735045,0.0042735045,0.0042735045,0.0042735045,0.0042735045,0.0042735045,0.0042735045,0.0042735045,0.0042735045,0.0042735045,0.0042735045,0.0042735045,0.0042735045,0.0042735045,0.0042735045,0.0042735045,0.0042735045,0.0042735045,0.0042735045,0.0042735045,0.0042735045,0.0042735045,0.0042735045,0.0042735045,0.0042735045,0.0042735045,0.0042735045,0.0042735045,0.0042735045,0.0042735045,0.0042735045,0.0042735045,0.0042735045,0.9578676
BC2026_Train_0003_S08_20250607_070007_15,0.0042735045,0.0042735045,0.0042735045,0.0042735045,0.0042735045,0.0042735045,0.0042735045,0.0042735045,0.0042735045,0.0042735045,0.0042735045,0.0042735045,0.0042735045,0.0042735045,0.0042735045,0.0042735045,0.0042735045,0.0042735045,0.0042735045,0.0042735045,0.0042735045,0.0042735045,0.0042735045,0.0042735045,0.0042735045,0.0042735045,0.0042735045,0.0042735045,0.0042735045,0.0042735045,0.0042735045,0.0042735045,0.0042735045,0.0042735045,0.0042735045,0.0042735045,0.0042735045,0.0042735045,0.0042735045,0.0042735045,0.0042735045,0.0042735045,0.0042735045,0.0042735045,0.0042735045,0.0042735045,0.0042735045,0.0042735045,0.0042735045,0.0042735045,0.0042735045,0.0042735045,0.0042735045,0.0042735045,0.0042735045,0.0042735045,0.0042735045,0.0042735045,0.0042735045,0.0042735045,0.0042735045,0.0042735045,0.0042735045,0.0042735045,0.0042735045,0.0042735045,0.0042735045,0.0042735045,0.0042735045,0.0042735045,0.0042735045,0.0042735045,0.0042735045,0.0042735045,0.0042735045,0.0042735045,0.5560504,0.0042735045,0.0042735045,0.0042735045,0.0042735045,0.0042735045,0.0042735045,0.0042735045,0.0042735045,0.0042735045,0.0042735045,0.0042735045,0.0042735045,0.0042735045,0.0042735045,0.0042735045,0.0042735045,0.0042735045,0.0042735045,0.0042735045,0.0042735045,0.0042735045,0.0042735045,0.0042735045,0.0042735045,0.0042735045,0.7651355,0.40069044,0.0042735045,0.0042735045,0.0042735045,0.0042735045,0.0042735045,0.0042735045,0.0042735045,0.57654005,0.0042735045,0.0042735045,0.0042735045,0.0042735045,0.0042735045,0.0042735045,0.0042735045,0.0042735045,0.0042735045,0.0042735045,0.0042735045,0.0042735045,0.0042735045,0.0042735045,0.0042735045,0.0042735045,0.0042735045,0.0042735045,0.0042735045,0.11561499,0.0042735045,0.0042735045,0.0042735045,0.0042735045,0.0042735045,0.0042735045,0.0042735045,0.0042735045,0.0042735045,0.0042735045,0.0042735045,0.0042735045,0.0042735045,0.0042735045,0.0042735045,0.0042735045,0.0042735045,0.022734554,0.0042735045,0.0042735045,0.0042735045,0.0042735045,0.0042735045,0.0042735045,0.0042735045,0.0042735045,0.0042735045,0.0042735045,0.0042735045,0.0042735045,0.0042735045,0.0042735045,0.0042735045,0.0042735045,0.0042735045,0.0042735045,0.0042735045,0.0042735045,0.7745602,0.0042735045,0.0042735045,0.0042735045,0.0042735045,0.0042735045,0.0042735045,0.0042735045,0.0042735045,0.0042735045,0.0042735045,0.0042735045,0.0042735045,0.0042735045,0.0042735045,0.0042735045,0.0042735045,0.0042735045,0.0042735045,0.0042735045,0.0042735045,0.0042735045,0.0042735045,0.0042735045,0.0042735045,0.23464218,0.0042735045,0.0042735045,0.061450366,0.0042735045,0.0042735045,0.0042735045,0.0042735045,0.0042735045,0.0042735045,0.0042735045,0.0042735045,0.0042735045,0.0042735045,0.0042735045,0.0042735045,0.0042735045,0.0042735045,0.0042735045,0.0042735045,0.0042735045,0.0042735045,0.0042735045,0.0042735045,0.0042735045,0.0042735045,0.0042735045,0.0042735045,0.0042735045,0.0042735045,0.0042735045,0.0042735045,0.0042735045,0.0042735045,0.0042735045,0.0042735045,0.0042735045,0.0042735045,0.8645904
BC2026_Train_0003_S08_20250607_070007_20,0.0042735045,0.0042735045,0.0042735045,0.0042735045,0.0042735045,0.0042735045,0.0042735045,0.0042735045,0.0042735045,0.0042735045,0.0042735045,0.0042735045,0.0042735045,0.0042735045,0.0042735045,0.0042735045,0.0042735045,0.0042735045,0.0042735045,0.0042735045,0.0042735045,0.0042735045,0.0042735045,0.0042735045,0.0042735045,0.0042735045,0.0042735045,0.0042735045,0.0042735045,0.0042735045,0.0042735045,0.0042735045,0.0042735045,0.0042735045,0.0042735045,0.0042735045,0.0042735045,0.0042735045,0.0042735045,0.0042735045,0.0042735045,0.0042735045,0.0042735045,0.0042735045,0.0042735045,0.0042735045,0.0042735045,0.0042735045,0.0042735045,0.0042735045,0.0042735045,0.0042735045,0.0042735045,0.0042735045,0.0042735045,0.0042735045,0.0042735045,0.0042735045,0.0042735045,0.0042735045,0.0042735045,0.0042735045,0.0042735045,0.0042735045,0.0042735045,0.0042735045,0.0042735045,0.0042735045,0.0042735045,0.0042735045,0.0042735045,0.0042735045,0.0042735045,0.0042735045,0.0042735045,0.0042735045,0.48736894,0.0042735045,0.0042735045,0.0042735045,0.0042735045,0.0042735045,0.0042735045,0.0042735045,0.0042735045,0.0042735045,0.0042735045,0.0042735045,0.0042735045,0.0042735045,0.0042735045,0.0042735045,0.0042735045,0.0042735045,0.0042735045,0.0042735045,0.0042735045,0.0042735045,0.0042735045,0.0042735045,0.0042735045,0.0042735045,0.8588513,0.40789825,0.0042735045,0.0042735045,0.0042735045,0.0042735045,0.0042735045,0.0042735045,0.0042735045,0.57555556,0.0042735045,0.0042735045,0.0042735045,0.0042735045,0.0042735045,0.0042735045,0.0042735045,0.0042735045,0.0042735045,0.0042735045,0.0042735045,0.0042735045,0.0042735045,0.0042735045,0.0042735045,0.0042735045,0.0042735045,0.0042735045,0.0042735045,0.155885,0.0042735045,0.0042735045,0.0042735045,0.0042735045,0.0042735045,0.0042735045,0.0042735045,0.0042735045,0.0042735045,0.0042735045,0.0042735045,0.0042735045,0.0042735045,0.0042735045,0.0042735045,0.0042735045,0.0042735045,0.019570258,0.0042735045,0.0042735045,0.0042735045,0.0042735045,0.0042735045,0.0042735045,0.0042735045,0.0042735045,0.0042735045,0.0042735045,0.0042735045,0.0042735045,0.0042735045,0.0042735045,0.0042735045,0.0042735045,0.0042735045,0.0042735045,0.0042735045,0.0042735045,0.5857701,0.0042735045,0.0042735045,0.0042735045,0.0042735045,0.0042735045,0.0042735045,0.0042735045,0.0042735045,0.0042735045,0.0042735045,0.0042735045,0.0042735045,0.0042735045,0.0042735045,0.0042735045,0.0042735045,0.0042735045,0.0042735045,0.0042735045,0.0042735045,0.0042735045,0.0042735045,0.0042735045,0.0042735045,0.19295211,0.0042735045,0.0042735045,0.13749816,0.0042735045,0.0042735045,0.0042735045,0.0042735045,0.0042735045,0.0042735045,0.0042735045,0.0042735045,0.0042735045,0.0042735045,0.0042735045,0.0042735045,0.0042735045,0.0042735045,0.0042735045,0.0042735045,0.0042735045,0.0042735045,0.0042735045,0.0042735045,0.0042735045,0.0042735045,0.0042735045,0.0042735045,0.0042735045,0.0042735045,0.0042735045,0.0042735045,0.0042735045,0.0042735045,0.0042735045,0.0042735045,0.0042735045,0.0042735045,0.8082758
BC2026_Train_0003_S08_20250607_070007_25,0.0042735045,0.0042735045,0.0042735045,0.0042735045,0.0042735045,0.0042735045,0.0042735045,0.0042735045,0.0042735045,0.0042735045,0.0042735045,0.0042735045,0.0042735045,0.0042735045,0.0042735045,0.0042735045,0.0042735045,0.0042735045,0.0042735045,0.0042735045,0.0042735045,0.0042735045,0.0042735045,0.0042735045,0.0042735045,0.0042735045,0.0042735045,0.0042735045,0.0042735045,0.0042735045,0.0042735045,0.0042735045,0.0042735045,0.0042735045,0.0042735045,0.0042735045,0.0042735045,0.0042735045,0.0042735045,0.0042735045,0.0042735045,0.0042735045,0.0042735045,0.0042735045,0.0042735045,0.0042735045,0.0042735045,0.0042735045,0.0042735045,0.0042735045,0.0042735045,0.0042735045,0.0042735045,0.0042735045,0.0042735045,0.0042735045,0.0042735045,0.0042735045,0.0042735045,0.0042735045,0.0042735045,0.0042735045,0.0042735045,0.0042735045,0.0042735045,0.0042735045,0.0042735045,0.0042735045,0.0042735045,0.0042735045,0.0042735045,0.0042735045,0.0042735045,0.0042735045,0.0042735045,0.0042735045,0.4254357,0.0042735045,0.0042735045,0.0042735045,0.0042735045,0.0042735045,0.0042735045,0.0042735045,0.0042735045,0.0042735045,0.0042735045,0.0042735045,0.0042735045,0.0042735045,0.0042735045,0.0042735045,0.0042735045,0.0042735045,0.0042735045,0.0042735045,0.0042735045,0.0042735045,0.0042735045,0.0042735045,0.0042735045,0.0042735045,0.75082225,0.37345624,0.0042735045,0.0042735045,0.0042735045,0.0042735045,0.0042735045,0.0042735045,0.0042735045,0.42679855,0.0042735045,0.0042735045,0.0042735045,0.0042735045,0.0042735045,0.0042735045,0.0042735045,0.0042735045,0.0042735045,0.0042735045,0.0042735045,0.0042735045,0.0042735045,0.0042735045,0.0042735045,0.0042735045,0.0042735045,0.0042735045,0.0042735045,0.15587938,0.0042735045,0.0042735045,0.0042735045,0.0042735045,0.0042735045,0.0042735045,0.0042735045,0.0042735045,0.0042735045,0.0042735045,0.0042735045,0.0042735045,0.0042735045,0.0042735045,0.0042735045,0.0042735045,0.0042735045,0.010989887,0.0042735045,0.0042735045,0.0042735045,0.0042735045,0.0042735045,0.0042735045,0.0042735045,0.0042735045,0.0042735045,0.0042735045,0.0042735045,0.0042735045,0.0042735045,0.0042735045,0.0042735045,0.0042735045,0.0042735045,0.0042735045,0.0042735045,0.0042735045,0.55943084,0.0042735045,0.0042735045,0.0042735045,0.0042735045,0.0042735045,0.0042735045,0.0042735045,0.0042735045,0.0042735045,0.0042735045,0.0042735045,0.0042735045,0.0042735045,0.0042735045,0.0042735045,0.0042735045,0.0042735045,0.0042735045,0.0042735045,0.0042735045,0.0042735045,0.0042735045,0.0042735045,0.0042735045,0.27929989,0.0042735045,0.0042735045,0.20866495,0.0042735045,0.0042735045,0.0042735045,0.0042735045,0.0042735045,0.0042735045,0.0042735045,0.0042735045,0.0042735045,0.0042735045,0.0042735045,0.0042735045,0.0042735045,0.0042735045,0.0042735045,0.0042735045,0.0042735045,0.0042735045,0.0042735045,0.0042735045,0.0042735045,0.0042735045,0.0042735045,0.0042735045,0.0042735045,0.0042735045,0.0042735045,0.0042735045,0.0042735045,0.0042735045,0.0042735045,0.0042735045,0.0042735045,0.0042735045,0.74374396
BC2026_Train_0003_S08_20250607_070007_30,0.0042735045,0.0042735045,0.0042735045,0.0042735045,0.0042735045,0.0042735045,0.0042735045,0.0042735045,0.0042735045,0.0042735045,0.0042735045,0.0042735045,0.0042735045,0.0042735045,0.0042735045,0.0042735045,0.0042735045,0.0042735045,0.0042735045,0.0042735045,0.0042735045,0.0042735045,0.0042735045,0.0042735045,0.0042735045,0.0042735045,0.0042735045,0.0042735045,0.0042735045,0.0042735045,0.0042735045,0.0042735045,0.0042735045,0.0042735045,0.0042735045,0.0042735045,0.0042735045,0.0042735045,0.0042735045,0.0042735045,0.0042735045,0.0042735045,0.0042735045,0.0042735045,0.0042735045,0.0042735045,0.0042735045,0.0042735045,0.0042735045,0.0042735045,0.0042735045,0.0042735045,0.0042735045,0.0042735045,0.0042735045,0.0042735045,0.0042735045,0.0042735045,0.0042735045,0.0042735045,0.0042735045,0.0042735045,0.0042735045,0.0042735045,0.0042735045,0.0042735045,0.0042735045,0.0042735045,0.0042735045,0.0042735045,0.0042735045,0.0042735045,0.0042735045,0.0042735045,0.0042735045,0.0042735045,0.5266434,0.0042735045,0.0042735045,0.0042735045,0.0042735045,0.0042735045,0.0042735045,0.0042735045,0.0042735045,0.0042735045,0.0042735045,0.0042735045,0.0042735045,0.0042735045,0.0042735045,0.0042735045,0.0042735045,0.0042735045,0.0042735045,0.0042735045,0.0042735045,0.0042735045,0.0042735045,0.0042735045,0.0042735045,0.0042735045,0.7242885,0.3659072,0.0042735045,0.0042735045,0.0042735045,0.0042735045,0.0042735045,0.0042735045,0.0042735045,0.62318313,0.0042735045,0.0042735045,0.0042735045,0.0042735045,0.0042735045,0.0042735045,0.0042735045,0.0042735045,0.0042735045,0.0042735045,0.0042735045,0.0042735045,0.0042735045,0.0042735045,0.0042735045,0.0042735045,0.0042735045,0.0042735045,0.0042735045,0.10810169,0.0042735045,0.0042735045,0.0042735045,0.0042735045,0.0042735045,0.0042735045,0.0042735045,0.0042735045,0.0042735045,0.0042735045,0.0042735045,0.0042735045,0.0042735045,0.0042735045,0.0042735045,0.0042735045,0.0042735045,0.016586214,0.0042735045,0.0042735045,0.0042735045,0.0042735045,0.0042735045,0.0042735045,0.0042735045,0.0042735045,0.0042735045,0.0042735045,0.0042735045,0.0042735045,0.0042735045,0.0042735045,0.0042735045,0.0042735045,0.0042735045,0.0042735045,0.0042735045,0.0042735045,0.5643549,0.0042735045,0.0042735045,0.0042735045,0.0042735045,0.0042735045,0.0042735045,0.0042735045,0.0042735045,0.0042735045,0.0042735045,0.0042735045,0.0042735045,0.0042735045,0.0042735045,0.0042735045,0.0042735045,0.0042735045,0.0042735045,0.0042735045,0.0042735045,0.0042735045,0.0042735045,0.0042735045,0.0042735045,0.2366269,0.0042735045,0.0042735045,0.31367993,0.0042735045,0.0042735045,0.0042735045,0.0042735045,0.0042735045,0.0042735045,0.0042735045,0.0042735045,0.0042735045,0.0042735045,0.0042735045,0.0042735045,0.0042735045,0.0042735045,0.0042735045,0.0042735045,0.0042735045,0.0042735045,0.0042735045,0.0042735045,0.0042735045,0.0042735045,0.0042735045,0.0042735045,0.0042735045,0.0042735045,0.0042735045,0.0042735045,0.0042735045,0.0042735045,0.0042735045,0.0042735045,0.0042735045,0.0042735045,0.68000853
BC2026_Train_0003_S08_20250607_070007_35,0.0042735045,0.0042735045,0.0042735045,0.0042735045,0.0042735045,0.0042735045,0.0042735045,0.0042735045,0.0042735045,0.0042735045,0.0042735045,0.0042735045,0.0042735045,0.0042735045,0.0042735045,0.0042735045,0.0042735045,0.0042735045,0.0042735045,0.0042735045,0.0042735045,0.0042735045,0.0042735045,0.0042735045,0.0042735045,0.0042735045,0.0042735045,0.0042735045,0.0042735045,0.0042735045,0.0042735045,0.0042735045,0.0042735045,0.0042735045,0.0042735045,0.0042735045,0.0042735045,0.0042735045,0.0042735045,0.0042735045,0.0042735045,0.0042735045,0.0042735045,0.0042735045,0.0042735045,0.0042735045,0.0042735045,0.0042735045,0.0042735045,0.0042735045,0.0042735045,0.0042735045,0.0042735045,0.0042735045,0.0042735045,0.0042735045,0.0042735045,0.0042735045,0.0042735045,0.0042735045,0.0042735045,0.0042735045,0.0042735045,0.0042735045,0.0042735045,0.0042735045,0.0042735045,0.0042735045,0.0042735045,0.0042735045,0.0042735045,0.0042735045,0.0042735045,0.0042735045,0.0042735045,0.0042735045,0.69172466,0.0042735045,0.0042735045,0.0042735045,0.0042735045,0.0042735045,0.0042735045,0.0042735045,0.0042735045,0.0042735045,0.0042735045,0.0042735045,0.0042735045,0.0042735045,0.0042735045,0.0042735045,0.0042735045,0.0042735045,0.0042735045,0.0042735045,0.0042735045,0.0042735045,0.0042735045,0.0042735045,0.0042735045,0.0042735045,0.7039837,0.4974621,0.0042735045,0.0042735045,0.0042735045,0.0042735045,0.0042735045,0.0042735045,0.0042735045,0.59446824,0.0042735045,0.0042735045,0.0042735045,0.0042735045,0.0042735045,0.0042735045,0.0042735045,0.0042735045,0.0042735045,0.0042735045,0.0042735045,0.0042735045,0.0042735045,0.0042735045,0.0042735045,0.0042735045,0.0042735045,0.0042735045,0.0042735045,0.07399333,0.0042735045,0.0042735045,0.0042735045,0.0042735045,0.0042735045,0.0042735045,0.0042735045,0.0042735045,0.0042735045,0.0042735045,0.0042735045,0.0042735045,0.0042735045,0.0042735045,0.0042735045,0.0042735045,0.0042735045,0.030030977,0.0042735045,0.0042735045,0.0042735045,0.0042735045,0.0042735045,0.0042735045,0.0042735045,0.0042735045,0.0042735045,0.0042735045,0.0042735045,0.0042735045,0.0042735045,0.0042735045,0.0042735045,0.0042735045,0.0042735045,0.0042735045,0.0042735045,0.0042735045,0.6981402,0.0042735045,0.0042735045,0.0042735045,0.0042735045,0.0042735045,0.0042735045,0.0042735045,0.0042735045,0.0042735045,0.0042735045,0.0042735045,0.0042735045,0.0042735045,0.0042735045,0.0042735045,0.0042735045,0.0042735045,0.0042735045,0.0042735045,0.0042735045,0.0042735045,0.0042735045,0.0042735045,0.0042735045,0.31916153,0.0042735045,0.0042735045,0.30361703,0.0042735045,0.0042735045,0.0042735045,0.0042735045,0.0042735045,0.0042735045,0.0042735045,0.0042735045,0.0042735045,0.0042735045,0.0042735045,0.0042735045,0.0042735045,0.0042735045,0.0042735045,0.0042735045,0.0042735045,0.0042735045,0.0042735045,0.0042735045,0.0042735045,0.0042735045,0.0042735045,0.0042735045,0.0042735045,0.0042735045,0.0042735045,0.0042735045,0.0042735045,0.0042735045,0.0042735045,0.0042735045,0.0042735045,0.0042735045,0.665386
BC2026_Train_0003_S08_20250607_070007_40,0.0042735045,0.0042735045,0.0042735045,0.0042735045,0.0042735045,0.0042735045,0.0042735045,0.0042735045,0.0042735045,0.0042735045,0.0042735045,0.0042735045,0.0042735045,0.0042735045,0.0042735045,0.0042735045,0.0042735045,0.0042735045,0.0042735045,0.0042735045,0.0042735045,0.0042735045,0.0042735045,0.0042735045,0.0042735045,0.0042735045,0.0042735045,0.0042735045,0.0042735045,0.0042735045,0.0042735045,0.0042735045,0.0042735045,0.0042735045,0.0042735045,0.0042735045,0.0042735045,0.0042735045,0.0042735045,0.0042735045,0.0042735045,0.0042735045,0.0042735045,0.0042735045,0.0042735045,0.0042735045,0.0042735045,0.0042735045,0.0042735045,0.0042735045,0.0042735045,0.0042735045,0.0042735045,0.0042735045,0.0042735045,0.0042735045,0.0042735045,0.0042735045,0.0042735045,0.0042735045,0.0042735045,0.0042735045,0.0042735045,0.0042735045,0.0042735045,0.0042735045,0.0042735045,0.0042735045,0.0042735045,0.0042735045,0.0042735045,0.0042735045,0.0042735045,0.0042735045,0.0042735045,0.0042735045,0.8222707,0.0042735045,0.0042735045,0.0042735045,0.0042735045,0.0042735045,0.0042735045,0.0042735045,0.0042735045,0.0042735045,0.0042735045,0.0042735045,0.0042735045,0.0042735045,0.0042735045,0.0042735045,0.0042735045,0.0042735045,0.0042735045,0.0042735045,0.0042735045,0.0042735045,0.0042735045,0.0042735045,0.0042735045,0.0042735045,0.61612546,0.520114,0.0042735045,0.0042735045,0.0042735045,0.0042735045,0.0042735045,0.0042735045,0.0042735045,0.57099664,0.0042735045,0.0042735045,0.0042735045,0.0042735045,0.0042735045,0.0042735045,0.0042735045,0.0042735045,0.0042735045,0.0042735045,0.0042735045,0.0042735045,0.0042735045,0.0042735045,0.0042735045,0.0042735045,0.0042735045,0.0042735045,0.0042735045,0.08314988,0.0042735045,0.0042735045,0.0042735045,0.0042735045,0.0042735045,0.0042735045,0.0042735045,0.0042735045,0.0042735045,0.0042735045,0.0042735045,0.0042735045,0.0042735045,0.0042735045,0.0042735045,0.0042735045,0.0042735045,0.06740414,0.0042735045,0.0042735045,0.0042735045,0.0042735045,0.0042735045,0.0042735045,0.0042735045,0.0042735045,0.0042735045,0.0042735045,0.0042735045,0.0042735045,0.0042735045,0.0042735045,0.0042735045,0.0042735045,0.0042735045,0.0042735045,0.0042735045,0.0042735045,0.81147367,0.0042735045,0.0042735045,0.0042735045,0.0042735045,0.0042735045,0.0042735045,0.0042735045,0.0042735045,0.0042735045,0.0042735045,0.0042735045,0.0042735045,0.0042735045,0.0042735045,0.0042735045,0.0042735045,0.0042735045,0.0042735045,0.0042735045,0.0042735045,0.0042735045,0.0042735045,0.0042735045,0.0042735045,0.5123292,0.0042735045,0.0042735045,0.3312473,0.0042735045,0.0042735045,0.0042735045,0.0042735045,0.0042735045,0.0042735045,0.0042735045,0.0042735045,0.0042735045,0.0042735045,0.0042735045,0.0042735045,0.0042735045,0.0042735045,0.0042735045,0.0042735045,0.0042735045,0.0042735045,0.0042735045,0.0042735045,0.0042735045,0.0042735045,0.0042735045,0.0042735045,0.0042735045,0.0042735045,0.0042735045,0.0042735045,0.0042735045,0.0042735045,0.0042735045,0.0042735045,0.0042735045,0.0042735045,0.55600464
BC2026_Train_0003_S08_20250607_070007_45,0.0042735045,0.0042735045,0.0042735045,0.0042735045,0.0042735045,0.0042735045,0.0042735045,0.0042735045,0.0042735045,0.0042735045,0.0042735045,0.0042735045,0.0042735045,0.0042735045,0.0042735045,0.0042735045,0.0042735045,0.0042735045,0.0042735045,0.0042735045,0.0042735045,0.0042735045,0.0042735045,0.0042735045,0.0042735045,0.0042735045,0.0042735045,0.0042735045,0.0042735045,0.0042735045,0.0042735045,0.0042735045,0.0042735045,0.0042735045,0.0042735045,0.0042735045,0.0042735045,0.0042735045,0.0042735045,0.0042735045,0.0042735045,0.0042735045,0.0042735045,0.0042735045,0.0042735045,0.0042735045,0.0042735045,0.0042735045,0.0042735045,0.0042735045,0.0042735045,0.0042735045,0.0042735045,0.0042735045,0.0042735045,0.0042735045,0.0042735045,0.0042735045,0.0042735045,0.0042735045,0.0042735045,0.0042735045,0.0042735045,0.0042735045,0.0042735045,0.0042735045,0.0042735045,0.0042735045,0.0042735045,0.0042735045,0.0042735045,0.0042735045,0.0042735045,0.0042735045,0.0042735045,0.0042735045,0.83176994,0.0042735045,0.0042735045,0.0042735045,0.0042735045,0.0042735045,0.0042735045,0.0042735045,0.0042735045,0.0042735045,0.0042735045,0.0042735045,0.0042735045,0.0042735045,0.0042735045,0.0042735045,0.0042735045,0.0042735045,0.0042735045,0.0042735045,0.0042735045,0.0042735045,0.0042735045,0.0042735045,0.0042735045,0.0042735045,0.6637175,0.39400798,0.0042735045,0.0042735045,0.0042735045,0.0042735045,0.0042735045,0.0042735045,0.0042735045,0.6159801,0.0042735045,0.0042735045,0.0042735045,0.0042735045,0.0042735045,0.0042735045,0.0042735045,0.0042735045,0.0042735045,0.0042735045,0.0042735045,0.0042735045,0.0042735045,0.0042735045,0.0042735045,0.0042735045,0.0042735045,0.0042735045,0.0042735045,0.12751041,0.0042735045,0.0042735045,0.0042735045,0.0042735045,0.0042735045,0.0042735045,0.0042735045,0.0042735045,0.0042735045,0.0042735045,0.0042735045,0.0042735045,0.0042735045,0.0042735045,0.0042735045,0.0042735045,0.0042735045,0.092110984,0.0042735045,0.0042735045,0.0042735045,0.0042735045,0.0042735045,0.0042735045,0.0042735045,0.0042735045,0.0042735045,0.0042735045,0.0042735045,0.0042735045,0.0042735045,0.0042735045,0.0042735045,0.0042735045,0.0042735045,0.0042735045,0.0042735045,0.0042735045,0.81823844,0.0042735045,0.0042735045,0.0042735045,0.0042735045,0.0042735045,0.0042735045,0.0042735045,0.0042735045,0.0042735045,0.0042735045,0.0042735045,0.0042735045,0.0042735045,0.0042735045,0.0042735045,0.0042735045,0.0042735045,0.0042735045,0.0042735045,0.0042735045,0.0042735045,0.0042735045,0.0042735045,0.0042735045,0.65003943,0.0042735045,0.0042735045,0.2293376,0.0042735045,0.0042735045,0.0042735045,0.0042735045,0.0042735045,0.0042735045,0.0042735045,0.0042735045,0.0042735045,0.0042735045,0.0042735045,0.0042735045,0.0042735045,0.0042735045,0.0042735045,0.0042735045,0.0042735045,0.0042735045,0.0042735045,0.0042735045,0.0042735045,0.0042735045,0.0042735045,0.0042735045,0.0042735045,0.0042735045,0.0042735045,0.0042735045,0.0042735045,0.0042735045,0.0042735045,0.0042735045,0.0042735045,0.0042735045,0.6276537
BC2026_Train_0003_S08_20250607_070007_50,0.0042735045,0.0042735045,0.0042735045,0.0042735045,0.0042735045,0.0042735045,0.0042735045,0.0042735045,0.0042735045,0.0042735045,0.0042735045,0.0042735045,0.0042735045,0.0042735045,0.0042735045,0.0042735045,0.0042735045,0.0042735045,0.0042735045,0.0042735045,0.0042735045,0.0042735045,0.0042735045,0.0042735045,0.0042735045,0.0042735045,0.0042735045,0.0042735045,0.0042735045,0.0042735045,0.0042735045,0.0042735045,0.0042735045,0.0042735045,0.0042735045,0.0042735045,0.0042735045,0.0042735045,0.0042735045,0.0042735045,0.0042735045,0.0042735045,0.0042735045,0.0042735045,0.0042735045,0.0042735045,0.0042735045,0.0042735045,0.0042735045,0.0042735045,0.0042735045,0.0042735045,0.0042735045,0.0042735045,0.0042735045,0.0042735045,0.0042735045,0.0042735045,0.0042735045,0.0042735045,0.0042735045,0.0042735045,0.0042735045,0.0042735045,0.0042735045,0.0042735045,0.0042735045,0.0042735045,0.0042735045,0.0042735045,0.0042735045,0.0042735045,0.0042735045,0.0042735045,0.0042735045,0.0042735045,0.8397821,0.0042735045,0.0042735045,0.0042735045,0.0042735045,0.0042735045,0.0042735045,0.0042735045,0.0042735045,0.0042735045,0.0042735045,0.0042735045,0.0042735045,0.0042735045,0.0042735045,0.0042735045,0.0042735045,0.0042735045,0.0042735045,0.0042735045,0.0042735045,0.0042735045,0.0042735045,0.0042735045,0.0042735045,0.0042735045,0.75304943,0.39759776,0.0042735045,0.0042735045,0.0042735045,0.0042735045,0.0042735045,0.0042735045,0.0042735045,0.50468624,0.0042735045,0.0042735045,0.0042735045,0.0042735045,0.0042735045,0.0042735045,0.0042735045,0.0042735045,0.0042735045,0.0042735045,0.0042735045,0.0042735045,0.0042735045,0.0042735045,0.0042735045,0.0042735045,0.0042735045,0.0042735045,0.0042735045,0.14362124,0.0042735045,0.0042735045,0.0042735045,0.0042735045,0.0042735045,0.0042735045,0.0042735045,0.0042735045,0.0042735045,0.0042735045,0.0042735045,0.0042735045,0.0042735045,0.0042735045,0.0042735045,0.0042735045,0.0042735045,0.19317827,0.0042735045,0.0042735045,0.0042735045,0.0042735045,0.0042735045,0.0042735045,0.0042735045,0.0042735045,0.0042735045,0.0042735045,0.0042735045,0.0042735045,0.0042735045,0.0042735045,0.0042735045,0.0042735045,0.0042735045,0.0042735045,0.0042735045,0.0042735045,0.77979636,0.0042735045,0.0042735045,0.0042735045,0.0042735045,0.0042735045,0.0042735045,0.0042735045,0.0042735045,0.0042735045,0.0042735045,0.0042735045,0.0042735045,0.0042735045,0.0042735045,0.0042735045,0.0042735045,0.0042735045,0.0042735045,0.0042735045,0.0042735045,0.0042735045,0.0042735045,0.0042735045,0.0042735045,0.771776,0.0042735045,0.0042735045,0.21379113,0.0042735045,0.0042735045,0.0042735045,0.0042735045,0.0042735045,0.0042735045,0.0042735045,0.0042735045,0.0042735045,0.0042735045,0.0042735045,0.0042735045,0.0042735045,0.0042735045,0.0042735045,0.0042735045,0.0042735045,0.0042735045,0.0042735045,0.0042735045,0.0042735045,0.0042735045,0.0042735045,0.0042735045,0.0042735045,0.0042735045,0.0042735045,0.0042735045,0.0042735045,0.0042735045,0.0042735045,0.0042735045,0.0042735045,0.0042735045,0.59584785
BC2026_Train_0003_S08_20250607_070007_55,0.0042735045,0.0042735045,0.0042735045,0.0042735045,0.0042735045,0.0042735045,0.0042735045,0.0042735045,0.0042735045,0.0042735045,0.0042735045,0.0042735045,0.0042735045,0.0042735045,0.0042735045,0.0042735045,0.0042735045,0.0042735045,0.0042735045,0.0042735045,0.0042735045,0.0042735045,0.0042735045,0.0042735045,0.0042735045,0.0042735045,0.0042735045,0.0042735045,0.0042735045,0.0042735045,0.0042735045,0.0042735045,0.0042735045,0.0042735045,0.0042735045,0.0042735045,0.0042735045,0.0042735045,0.0042735045,0.0042735045,0.0042735045,0.0042735045,0.0042735045,0.0042735045,0.0042735045,0.0042735045,0.0042735045,0.0042735045,0.0042735045,0.0042735045,0.0042735045,0.0042735045,0.0042735045,0.0042735045,0.0042735045,0.0042735045,0.0042735045,0.0042735045,0.0042735045,0.0042735045,0.0042735045,0.0042735045,0.0042735045,0.0042735045,0.0042735045,0.0042735045,0.0042735045,0.0042735045,0.0042735045,0.0042735045,0.0042735045,0.0042735045,0.0042735045,0.0042735045,0.0042735045,0.0042735045,0.8899262,0.0042735045,0.0042735045,0.0042735045,0.0042735045,0.0042735045,0.0042735045,0.0042735045,0.0042735045,0.0042735045,0.0042735045,0.0042735045,0.0042735045,0.0042735045,0.0042735045,0.0042735045,0.0042735045,0.0042735045,0.0042735045,0.0042735045,0.0042735045,0.0042735045,0.0042735045,0.0042735045,0.0042735045,0.0042735045,0.718884,0.6422843,0.0042735045,0.0042735045,0.0042735045,0.0042735045,0.0042735045,0.0042735045,0.0042735045,0.5484265,0.0042735045,0.0042735045,0.0042735045,0.0042735045,0.0042735045,0.0042735045,0.0042735045,0.0042735045,0.0042735045,0.0042735045,0.0042735045,0.0042735045,0.0042735045,0.0042735045,0.0042735045,0.0042735045,0.0042735045,0.0042735045,0.0042735045,0.11358849,0.0042735045,0.0042735045,0.0042735045,0.0042735045,0.0042735045,0.0042735045,0.0042735045,0.0042735045,0.0042735045,0.0042735045,0.0042735045,0.0042735045,0.0042735045,0.0042735045,0.0042735045,0.0042735045,0.0042735045,0.15168887,0.0042735045,0.0042735045,0.0042735045,0.0042735045,0.0042735045,0.0042735045,0.0042735045,0.0042735045,0.0042735045,0.0042735045,0.0042735045,0.0042735045,0.0042735045,0.0042735045,0.0042735045,0.0042735045,0.0042735045,0.0042735045,0.0042735045,0.0042735045,0.69298905,0.0042735045,0.0042735045,0.0042735045,0.0042735045,0.0042735045,0.0042735045,0.0042735045,0.0042735045,0.0042735045,0.0042735045,0.0042735045,0.0042735045,0.0042735045,0.0042735045,0.0042735045,0.0042735045,0.0042735045,0.0042735045,0.0042735045,0.0042735045,0.0042735045,0.0042735045,0.0042735045,0.0042735045,0.68012387,0.0042735045,0.0042735045,0.15382537,0.0042735045,0.0042735045,0.0042735045,0.0042735045,0.0042735045,0.0042735045,0.0042735045,0.0042735045,0.0042735045,0.0042735045,0.0042735045,0.0042735045,0.0042735045,0.0042735045,0.0042735045,0.0042735045,0.0042735045,0.0042735045,0.0042735045,0.0042735045,0.0042735045,0.0042735045,0.0042735045,0.0042735045,0.0042735045,0.0042735045,0.0042735045,0.0042735045,0.0042735045,0.0042735045,0.0042735045,0.0042735045,0.0042735045,0.0042735045,0.7021457
BC2026_Train_0003_S08_20250607_070007_60,0.0042735045,0.0042735045,0.0042735045,0.0042735045,0.0042735045,0.0042735045,0.0042735045,0.0042735045,0.0042735045,0.0042735045,0.0042735045,0.0042735045,0.0042735045,0.0042735045,0.0042735045,0.0042735045,0.0042735045,0.0042735045,0.0042735045,0.0042735045,0.0042735045,0.0042735045,0.0042735045,0.0042735045,0.0042735045,0.0042735045,0.0042735045,0.0042735045,0.0042735045,0.0042735045,0.0042735045,0.0042735045,0.0042735045,0.0042735045,0.0042735045,0.0042735045,0.0042735045,0.0042735045,0.0042735045,0.0042735045,0.0042735045,0.0042735045,0.0042735045,0.0042735045,0.0042735045,0.0042735045,0.0042735045,0.0042735045,0.0042735045,0.0042735045,0.0042735045,0.0042735045,0.0042735045,0.0042735045,0.0042735045,0.0042735045,0.0042735045,0.0042735045,0.0042735045,0.0042735045,0.0042735045,0.0042735045,0.0042735045,0.0042735045,0.0042735045,0.0042735045,0.0042735045,0.0042735045,0.0042735045,0.0042735045,0.0042735045,0.0042735045,0.0042735045,0.0042735045,0.0042735045,0.0042735045,0.94190055,0.0042735045,0.0042735045,0.0042735045,0.0042735045,0.0042735045,0.0042735045,0.0042735045,0.0042735045,0.0042735045,0.0042735045,0.0042735045,0.0042735045,0.0042735045,0.0042735045,0.0042735045,0.0042735045,0.0042735045,0.0042735045,0.0042735045,0.0042735045,0.0042735045,0.0042735045,0.0042735045,0.0042735045,0.0042735045,0.6988299,0.83177406,0.0042735045,0.0042735045,0.0042735045,0.0042735045,0.0042735045,0.0042735045,0.0042735045,0.8173036,0.0042735045,0.0042735045,0.0042735045,0.0042735045,0.0042735045,0.0042735045,0.0042735045,0.0042735045,0.0042735045,0.0042735045,0.0042735045,0.0042735045,0.0042735045,0.0042735045,0.0042735045,0.0042735045,0.0042735045,0.0042735045,0.0042735045,0.093961164,0.0042735045,0.0042735045,0.0042735045,0.0042735045,0.0042735045,0.0042735045,0.0042735045,0.0042735045,0.0042735045,0.0042735045,0.0042735045,0.0042735045,0.0042735045,0.0042735045,0.0042735045,0.0042735045,0.0042735045,0.16084349,0.0042735045,0.0042735045,0.0042735045,0.0042735045,0.0042735045,0.0042735045,0.0042735045,0.0042735045,0.0042735045,0.0042735045,0.0042735045,0.0042735045,0.0042735045,0.0042735045,0.0042735045,0.0042735045,0.0042735045,0.0042735045,0.0042735045,0.0042735045,0.6410693,0.0042735045,0.0042735045,0.0042735045,0.0042735045,0.0042735045,0.0042735045,0.0042735045,0.0042735045,0.0042735045,0.0042735045,0.0042735045,0.0042735045,0.0042735045,0.0042735045,0.0042735045,0.0042735045,0.0042735045,0.0042735045,0.0042735045,0.0042735045,0.0042735045,0.0042735045,0.0042735045,0.0042735045,0.7722986,0.0042735045,0.0042735045,0.1937565,0.0042735045,0.0042735045,0.0042735045,0.0042735045,0.0042735045,0.0042735045,0.0042735045,0.0042735045,0.0042735045,0.0042735045,0.0042735045,0.0042735045,0.0042735045,0.0042735045,0.0042735045,0.0042735045,0.0042735045,0.0042735045,0.0042735045,0.0042735045,0.0042735045,0.0042735045,0.0042735045,0.0042735045,0.0042735045,0.0042735045,0.0042735045,0.0042735045,0.0042735045,0.0042735045,0.0042735045,0.0042735045,0.0042735045,0.0042735045,0.6689874
BC2026_Train_0004_S08_20250607_070007_5,0.0042735045,0.0042735045,0.0042735045,0.0042735045,0.0042735045,0.0042735045,0.0042735045,0.0042735045,0.0042735045,0.0042735045,0.0042735045,0.0042735045,0.0042735045,0.0042735045,0.0042735045,0.0042735045,0.0042735045,0.0042735045,0.0042735045,0.0042735045,0.0042735045,0.0042735045,0.0042735045,0.0042735045,0.0042735045,0.0042735045,0.0042735045,0.0042735045,0.0042735045,0.0042735045,0.0042735045,0.0042735045,0.0042735045,0.0042735045,0.0042735045,0.0042735045,0.0042735045,0.0042735045,0.0042735045,0.0042735045,0.0042735045,0.0042735045,0.0042735045,0.0042735045,0.0042735045,0.0042735045,0.0042735045,0.0042735045,0.0042735045,0.0042735045,0.0042735045,0.0042735045,0.0042735045,0.0042735045,0.0042735045,0.0042735045,0.0042735045,0.0042735045,0.0042735045,0.0042735045,0.0042735045,0.0042735045,0.0042735045,0.0042735045,0.0042735045,0.0042735045,0.0042735045,0.0042735045,0.0042735045,0.0042735045,0.0042735045,0.0042735045,0.0042735045,0.0042735045,0.0042735045,0.0042735045,0.057718422,0.0042735045,0.0042735045,0.0042735045,0.0042735045,0.0042735045,0.0042735045,0.0042735045,0.0042735045,0.0042735045,0.0042735045,0.0042735045,0.0042735045,0.0042735045,0.0042735045,0.0042735045,0.0042735045,0.0042735045,0.0042735045,0.0042735045,0.0042735045,0.0042735045,0.0042735045,0.0042735045,0.0042735045,0.0042735045,0.56694585,0.38508725,0.0042735045,0.0042735045,0.0042735045,0.0042735045,0.0042735045,0.0042735045,0.0042735045,0.8235622,0.0042735045,0.0042735045,0.0042735045,0.0042735045,0.0042735045,0.0042735045,0.0042735045,0.0042735045,0.0042735045,0.0042735045,0.0042735045,0.0042735045,0.0042735045,0.0042735045,0.0042735045,0.0042735045,0.0042735045,0.0042735045,0.0042735045,0.2509039,0.0042735045,0.0042735045,0.0042735045,0.0042735045,0.0042735045,0.0042735045,0.0042735045,0.0042735045,0.0042735045,0.0042735045,0.0042735045,0.0042735045,0.0042735045,0.0042735045,0.0042735045,0.0042735045,0.0042735045,0.1348475,0.0042735045,0.0042735045,0.0042735045,0.0042735045,0.0042735045,0.0042735045,0.0042735045,0.0042735045,0.0042735045,0.0042735045,0.0042735045,0.0042735045,0.0042735045,0.0042735045,0.0042735045,0.0042735045,0.0042735045,0.0042735045,0.0042735045,0.0042735045,0.3800471,0.0042735045,0.0042735045,0.0042735045,0.0042735045,0.0042735045,0.0042735045,0.0042735045,0.0042735045,0.0042735045,0.0042735045,0.0042735045,0.0042735045,0.0042735045,0.0042735045,0.0042735045,0.0042735045,0.0042735045,0.0042735045,0.0042735045,0.0042735045,0.0042735045,0.0042735045,0.0042735045,0.0042735045,0.77514905,0.0042735045,0.0042735045,0.1665828,0.0042735045,0.0042735045,0.0042735045,0.0042735045,0.0042735045,0.0042735045,0.0042735045,0.0042735045,0.0042735045,0.0042735045,0.0042735045,0.0042735045,0.0042735045,0.0042735045,0.0042735045,0.0042735045,0.0042735045,0.0042735045,0.0042735045,0.0042735045,0.0042735045,0.0042735045,0.0042735045,0.0042735045,0.0042735045,0.0042735045,0.0042735045,0.0042735045,0.0042735045,0.0042735045,0.0042735045,0.0042735045,0.0042735045,0.0042735045,0.8367947
BC2026_Train_0004_S08_20250607_070007_10,0.0042735045,0.0042735045,0.0042735045,0.0042735045,0.0042735045,0.0042735045,0.0042735045,0.0042735045,0.0042735045,0.0042735045,0.0042735045,0.0042735045,0.0042735045,0.0042735045,0.0042735045,0.0042735045,0.0042735045,0.0042735045,0.0042735045,0.0042735045,0.0042735045,0.0042735045,0.0042735045,0.0042735045,0.0042735045,0.0042735045,0.0042735045,0.0042735045,0.0042735045,0.0042735045,0.0042735045,0.0042735045,0.0042735045,0.0042735045,0.0042735045,0.0042735045,0.0042735045,0.0042735045,0.0042735045,0.0042735045,0.0042735045,0.0042735045,0.0042735045,0.0042735045,0.0042735045,0.0042735045,0.0042735045,0.0042735045,0.0042735045,0.0042735045,0.0042735045,0.0042735045,0.0042735045,0.0042735045,0.0042735045,0.0042735045,0.0042735045,0.0042735045,0.0042735045,0.0042735045,0.0042735045,0.0042735045,0.0042735045,0.0042735045,0.0042735045,0.0042735045,0.0042735045,0.0042735045,0.0042735045,0.0042735045,0.0042735045,0.0042735045,0.0042735045,0.0042735045,0.0042735045,0.0042735045,0.1325056,0.0042735045,0.0042735045,0.0042735045,0.0042735045,0.0042735045,0.0042735045,0.0042735045,0.0042735045,0.0042735045,0.0042735045,0.0042735045,0.0042735045,0.0042735045,0.0042735045,0.0042735045,0.0042735045,0.0042735045,0.0042735045,0.0042735045,0.0042735045,0.0042735045,0.0042735045,0.0042735045,0.0042735045,0.0042735045,0.5282,0.39312303,0.0042735045,0.0042735045,0.0042735045,0.0042735045,0.0042735045,0.0042735045,0.0042735045,0.80356294,0.0042735045,0.0042735045,0.0042735045,0.0042735045,0.0042735045,0.0042735045,0.0042735045,0.0042735045,0.0042735045,0.0042735045,0.0042735045,0.0042735045,0.0042735045,0.0042735045,0.0042735045,0.0042735045,0.0042735045,0.0042735045,0.0042735045,0.5195893,0.0042735045,0.0042735045,0.0042735045,0.0042735045,0.0042735045,0.0042735045,0.0042735045,0.0042735045,0.0042735045,0.0042735045,0.0042735045,0.0042735045,0.0042735045,0.0042735045,0.0042735045,0.0042735045,0.0042735045,0.09162958,0.0042735045,0.0042735045,0.0042735045,0.0042735045,0.0042735045,0.0042735045,0.0042735045,0.0042735045,0.0042735045,0.0042735045,0.0042735045,0.0042735045,0.0042735045,0.0042735045,0.0042735045,0.0042735045,0.0042735045,0.0042735045,0.0042735045,0.0042735045,0.67120624,0.0042735045,0.0042735045,0.0042735045,0.0042735045,0.0042735045,0.0042735045,0.0042735045,0.0042735045,0.0042735045,0.0042735045,0.0042735045,0.0042735045,0.0042735045,0.0042735045,0.0042735045,0.0042735045,0.0042735045,0.0042735045,0.0042735045,0.0042735045,0.0042735045,0.0042735045,0.0042735045,0.0042735045,0.8750593,0.0042735045,0.0042735045,0.11198482,0.0042735045,0.0042735045,0.0042735045,0.0042735045,0.0042735045,0.0042735045,0.0042735045,0.0042735045,0.0042735045,0.0042735045,0.0042735045,0.0042735045,0.0042735045,0.0042735045,0.0042735045,0.0042735045,0.0042735045,0.0042735045,0.0042735045,0.0042735045,0.0042735045,0.0042735045,0.0042735045,0.0042735045,0.0042735045,0.0042735045,0.0042735045,0.0042735045,0.0042735045,0.0042735045,0.0042735045,0.0042735045,0.0042735045,0.0042735045,0.9624308
BC2026_Train_0004_S08_20250607_070007_15,0.0042735045,0.0042735045,0.0042735045,0.0042735045,0.0042735045,0.0042735045,0.0042735045,0.0042735045,0.0042735045,0.0042735045,0.0042735045,0.0042735045,0.0042735045,0.0042735045,0.0042735045,0.0042735045,0.0042735045,0.0042735045,0.0042735045,0.0042735045,0.0042735045,0.0042735045,0.0042735045,0.0042735045,0.0042735045,0.0042735045,0.0042735045,0.0042735045,0.0042735045,0.0042735045,0.0042735045,0.0042735045,0.0042735045,0.0042735045,0.0042735045,0.0042735045,0.0042735045,0.0042735045,0.0042735045,0.0042735045,0.0042735045,0.0042735045,0.0042735045,0.0042735045,0.0042735045,0.0042735045,0.0042735045,0.0042735045,0.0042735045,0.0042735045,0.0042735045,0.0042735045,0.0042735045,0.0042735045,0.0042735045,0.0042735045,0.0042735045,0.0042735045,0.0042735045,0.0042735045,0.0042735045,0.0042735045,0.0042735045,0.0042735045,0.0042735045,0.0042735045,0.0042735045,0.0042735045,0.0042735045,0.0042735045,0.0042735045,0.0042735045,0.0042735045,0.0042735045,0.0042735045,0.0042735045,0.28121588,0.0042735045,0.0042735045,0.0042735045,0.0042735045,0.0042735045,0.0042735045,0.0042735045,0.0042735045,0.0042735045,0.0042735045,0.0042735045,0.0042735045,0.0042735045,0.0042735045,0.0042735045,0.0042735045,0.0042735045,0.0042735045,0.0042735045,0.0042735045,0.0042735045,0.0042735045,0.0042735045,0.0042735045,0.0042735045,0.49033713,0.36192784,0.0042735045,0.0042735045,0.0042735045,0.0042735045,0.0042735045,0.0042735045,0.0042735045,0.73113275,0.0042735045,0.0042735045,0.0042735045,0.0042735045,0.0042735045,0.0042735045,0.0042735045,0.0042735045,0.0042735045,0.0042735045,0.0042735045,0.0042735045,0.0042735045,0.0042735045,0.0042735045,0.0042735045,0.0042735045,0.0042735045,0.0042735045,0.76184624,0.0042735045,0.0042735045,0.0042735045,0.0042735045,0.0042735045,0.0042735045,0.0042735045,0.0042735045,0.0042735045,0.0042735045,0.0042735045,0.0042735045,0.0042735045,0.0042735045,0.0042735045,0.0042735045,0.0042735045,0.098927185,0.0042735045,0.0042735045,0.0042735045,0.0042735045,0.0042735045,0.0042735045,0.0042735045,0.0042735045,0.0042735045,0.0042735045,0.0042735045,0.0042735045,0.0042735045,0.0042735045,0.0042735045,0.0042735045,0.0042735045,0.0042735045,0.0042735045,0.0042735045,0.75488776,0.0042735045,0.0042735045,0.0042735045,0.0042735045,0.0042735045,0.0042735045,0.0042735045,0.0042735045,0.0042735045,0.0042735045,0.0042735045,0.0042735045,0.0042735045,0.0042735045,0.0042735045,0.0042735045,0.0042735045,0.0042735045,0.0042735045,0.0042735045,0.0042735045,0.0042735045,0.0042735045,0.0042735045,0.93189424,0.0042735045,0.0042735045,0.119356774,0.0042735045,0.0042735045,0.0042735045,0.0042735045,0.0042735045,0.0042735045,0.0042735045,0.0042735045,0.0042735045,0.0042735045,0.0042735045,0.0042735045,0.0042735045,0.0042735045,0.0042735045,0.0042735045,0.0042735045,0.0042735045,0.0042735045,0.0042735045,0.0042735045,0.0042735045,0.0042735045,0.0042735045,0.0042735045,0.0042735045,0.0042735045,0.0042735045,0.0042735045,0.0042735045,0.0042735045,0.0042735045,0.0042735045,0.0042735045,0.9854033
BC2026_Train_0004_S08_20250607_070007_20,0.0042735045,0.0042735045,0.0042735045,0.0042735045,0.0042735045,0.0042735045,0.0042735045,0.0042735045,0.0042735045,0.0042735045,0.0042735045,0.0042735045,0.0042735045,0.0042735045,0.0042735045,0.0042735045,0.0042735045,0.0042735045,0.0042735045,0.0042735045,0.0042735045,0.0042735045,0.0042735045,0.0042735045,0.0042735045,0.0042735045,0.0042735045,0.0042735045,0.0042735045,0.0042735045,0.0042735045,0.0042735045,0.0042735045,0.0042735045,0.0042735045,0.0042735045,0.0042735045,0.0042735045,0.0042735045,0.0042735045,0.0042735045,0.0042735045,0.0042735045,0.0042735045,0.0042735045,0.0042735045,0.0042735045,0.0042735045,0.0042735045,0.0042735045,0.0042735045,0.0042735045,0.0042735045,0.0042735045,0.0042735045,0.0042735045,0.0042735045,0.0042735045,0.0042735045,0.0042735045,0.0042735045,0.0042735045,0.0042735045,0.0042735045,0.0042735045,0.0042735045,0.0042735045,0.0042735045,0.0042735045,0.0042735045,0.0042735045,0.0042735045,0.0042735045,0.0042735045,0.0042735045,0.0042735045,0.24200468,0.0042735045,0.0042735045,0.0042735045,0.0042735045,0.0042735045,0.0042735045,0.0042735045,0.0042735045,0.0042735045,0.0042735045,0.0042735045,0.0042735045,0.0042735045,0.0042735045,0.0042735045,0.0042735045,0.0042735045,0.0042735045,0.0042735045,0.0042735045,0.0042735045,0.0042735045,0.0042735045,0.0042735045,0.0042735045,0.6074734,0.5801229,0.0042735045,0.0042735045,0.0042735045,0.0042735045,0.0042735045,0.0042735045,0.0042735045,0.8188605,0.0042735045,0.0042735045,0.0042735045,0.0042735045,0.0042735045,0.0042735045,0.0042735045,0.0042735045,0.0042735045,0.0042735045,0.0042735045,0.0042735045,0.0042735045,0.0042735045,0.0042735045,0.0042735045,0.0042735045,0.0042735045,0.0042735045,0.63826,0.0042735045,0.0042735045,0.0042735045,0.0042735045,0.0042735045,0.0042735045,0.0042735045,0.0042735045,0.0042735045,0.0042735045,0.0042735045,0.0042735045,0.0042735045,0.0042735045,0.0042735045,0.0042735045,0.0042735045,0.17590167,0.0042735045,0.0042735045,0.0042735045,0.0042735045,0.0042735045,0.0042735045,0.0042735045,0.0042735045,0.0042735045,0.0042735045,0.0042735045,0.0042735045,0.0042735045,0.0042735045,0.0042735045,0.0042735045,0.0042735045,0.0042735045,0.0042735045,0.0042735045,0.76440316,0.0042735045,0.0042735045,0.0042735045,0.0042735045,0.0042735045,0.0042735045,0.0042735045,0.0042735045,0.0042735045,0.0042735045,0.0042735045,0.0042735045,0.0042735045,0.0042735045,0.0042735045,0.0042735045,0.0042735045,0.0042735045,0.0042735045,0.0042735045,0.0042735045,0.0042735045,0.0042735045,0.0042735045,0.9189729,0.0042735045,0.0042735045,0.15256314,0.0042735045,0.0042735045,0.0042735045,0.0042735045,0.0042735045,0.0042735045,0.0042735045,0.0042735045,0.0042735045,0.0042735045,0.0042735045,0.0042735045,0.0042735045,0.0042735045,0.0042735045,0.0042735045,0.0042735045,0.0042735045,0.0042735045,0.0042735045,0.0042735045,0.0042735045,0.0042735045,0.0042735045,0.0042735045,0.0042735045,0.0042735045,0.0042735045,0.0042735045,0.0042735045,0.0042735045,0.0042735045,0.0042735045,0.0042735045,0.9866952
BC2026_Train_0004_S08_20250607_070007_25,0.0042735045,0.0042735045,0.0042735045,0.0042735045,0.0042735045,0.0042735045,0.0042735045,0.0042735045,0.0042735045,0.0042735045,0.0042735045,0.0042735045,0.0042735045,0.0042735045,0.0042735045,0.0042735045,0.0042735045,0.0042735045,0.0042735045,0.0042735045,0.0042735045,0.0042735045,0.0042735045,0.0042735045,0.0042735045,0.0042735045,0.0042735045,0.0042735045,0.0042735045,0.0042735045,0.0042735045,0.0042735045,0.0042735045,0.0042735045,0.0042735045,0.0042735045,0.0042735045,0.0042735045,0.0042735045,0.0042735045,0.0042735045,0.0042735045,0.0042735045,0.0042735045,0.0042735045,0.0042735045,0.0042735045,0.0042735045,0.0042735045,0.0042735045,0.0042735045,0.0042735045,0.0042735045,0.0042735045,0.0042735045,0.0042735045,0.0042735045,0.0042735045,0.0042735045,0.0042735045,0.0042735045,0.0042735045,0.0042735045,0.0042735045,0.0042735045,0.0042735045,0.0042735045,0.0042735045,0.0042735045,0.0042735045,0.0042735045,0.0042735045,0.0042735045,0.0042735045,0.0042735045,0.0042735045,0.20778397,0.0042735045,0.0042735045,0.0042735045,0.0042735045,0.0042735045,0.0042735045,0.0042735045,0.0042735045,0.0042735045,0.0042735045,0.0042735045,0.0042735045,0.0042735045,0.0042735045,0.0042735045,0.0042735045,0.0042735045,0.0042735045,0.0042735045,0.0042735045,0.0042735045,0.0042735045,0.0042735045,0.0042735045,0.0042735045,0.6574947,0.67807674,0.0042735045,0.0042735045,0.0042735045,0.0042735045,0.0042735045,0.0042735045,0.0042735045,0.7509497,0.0042735045,0.0042735045,0.0042735045,0.0042735045,0.0042735045,0.0042735045,0.0042735045,0.0042735045,0.0042735045,0.0042735045,0.0042735045,0.0042735045,0.0042735045,0.0042735045,0.0042735045,0.0042735045,0.0042735045,0.0042735045,0.0042735045,0.41538444,0.0042735045,0.0042735045,0.0042735045,0.0042735045,0.0042735045,0.0042735045,0.0042735045,0.0042735045,0.0042735045,0.0042735045,0.0042735045,0.0042735045,0.0042735045,0.0042735045,0.0042735045,0.0042735045,0.0042735045,0.34154192,0.0042735045,0.0042735045,0.0042735045,0.0042735045,0.0042735045,0.0042735045,0.0042735045,0.0042735045,0.0042735045,0.0042735045,0.0042735045,0.0042735045,0.0042735045,0.0042735045,0.0042735045,0.0042735045,0.0042735045,0.0042735045,0.0042735045,0.0042735045,0.5172643,0.0042735045,0.0042735045,0.0042735045,0.0042735045,0.0042735045,0.0042735045,0.0042735045,0.0042735045,0.0042735045,0.0042735045,0.0042735045,0.0042735045,0.0042735045,0.0042735045,0.0042735045,0.0042735045,0.0042735045,0.0042735045,0.0042735045,0.0042735045,0.0042735045,0.0042735045,0.0042735045,0.0042735045,0.9228207,0.0042735045,0.0042735045,0.301396,0.0042735045,0.0042735045,0.0042735045,0.0042735045,0.0042735045,0.0042735045,0.0042735045,0.0042735045,0.0042735045,0.0042735045,0.0042735045,0.0042735045,0.0042735045,0.0042735045,0.0042735045,0.0042735045,0.0042735045,0.0042735045,0.0042735045,0.0042735045,0.0042735045,0.0042735045,0.0042735045,0.0042735045,0.0042735045,0.0042735045,0.0042735045,0.0042735045,0.0042735045,0.0042735045,0.0042735045,0.0042735045,0.0042735045,0.0042735045,0.9636758
BC2026_Train_0004_S08_20250607_070007_30,0.0042735045,0.0042735045,0.0042735045,0.0042735045,0.0042735045,0.0042735045,0.0042735045,0.0042735045,0.0042735045,0.0042735045,0.0042735045,0.0042735045,0.0042735045,0.0042735045,0.0042735045,0.0042735045,0.0042735045,0.0042735045,0.0042735045,0.0042735045,0.0042735045,0.0042735045,0.0042735045,0.0042735045,0.0042735045,0.0042735045,0.0042735045,0.0042735045,0.0042735045,0.0042735045,0.0042735045,0.0042735045,0.0042735045,0.0042735045,0.0042735045,0.0042735045,0.0042735045,0.0042735045,0.0042735045,0.0042735045,0.0042735045,0.0042735045,0.0042735045,0.0042735045,0.0042735045,0.0042735045,0.0042735045,0.0042735045,0.0042735045,0.0042735045,0.0042735045,0.0042735045,0.0042735045,0.0042735045,0.0042735045,0.0042735045,0.0042735045,0.0042735045,0.0042735045,0.0042735045,0.0042735045,0.0042735045,0.0042735045,0.0042735045,0.0042735045,0.0042735045,0.0042735045,0.0042735045,0.0042735045,0.0042735045,0.0042735045,0.0042735045,0.0042735045,0.0042735045,0.0042735045,0.0042735045,0.15484607,0.0042735045,0.0042735045,0.0042735045,0.0042735045,0.0042735045,0.0042735045,0.0042735045,0.0042735045,0.0042735045,0.0042735045,0.0042735045,0.0042735045,0.0042735045,0.0042735045,0.0042735045,0.0042735045,0.0042735045,0.0042735045,0.0042735045,0.0042735045,0.0042735045,0.0042735045,0.0042735045,0.0042735045,0.0042735045,0.5494235,0.8308354,0.0042735045,0.0042735045,0.0042735045,0.0042735045,0.0042735045,0.0042735045,0.0042735045,0.87792814,0.0042735045,0.0042735045,0.0042735045,0.0042735045,0.0042735045,0.0042735045,0.0042735045,0.0042735045,0.0042735045,0.0042735045,0.0042735045,0.0042735045,0.0042735045,0.0042735045,0.0042735045,0.0042735045,0.0042735045,0.0042735045,0.0042735045,0.2883458,0.0042735045,0.0042735045,0.0042735045,0.0042735045,0.0042735045,0.0042735045,0.0042735045,0.0042735045,0.0042735045,0.0042735045,0.0042735045,0.0042735045,0.0042735045,0.0042735045,0.0042735045,0.0042735045,0.0042735045,0.30902904,0.0042735045,0.0042735045,0.0042735045,0.0042735045,0.0042735045,0.0042735045,0.0042735045,0.0042735045,0.0042735045,0.0042735045,0.0042735045,0.0042735045,0.0042735045,0.0042735045,0.0042735045,0.0042735045,0.0042735045,0.0042735045,0.0042735045,0.0042735045,0.3064367,0.0042735045,0.0042735045,0.0042735045,0.0042735045,0.0042735045,0.0042735045,0.0042735045,0.0042735045,0.0042735045,0.0042735045,0.0042735045,0.0042735045,0.0042735045,0.0042735045,0.0042735045,0.0042735045,0.0042735045,0.0042735045,0.0042735045,0.0042735045,0.0042735045,0.0042735045,0.0042735045,0.0042735045,0.8960347,0.0042735045,0.0042735045,0.29064938,0.0042735045,0.0042735045,0.0042735045,0.0042735045,0.0042735045,0.0042735045,0.0042735045,0.0042735045,0.0042735045,0.0042735045,0.0042735045,0.0042735045,0.0042735045,0.0042735045,0.0042735045,0.0042735045,0.0042735045,0.0042735045,0.0042735045,0.0042735045,0.0042735045,0.0042735045,0.0042735045,0.0042735045,0.0042735045,0.0042735045,0.0042735045,0.0042735045,0.0042735045,0.0042735045,0.0042735045,0.0042735045,0.0042735045,0.0042735045,0.9554122
BC2026_Train_0004_S08_20250607_070007_35,0.0042735045,0.0042735045,0.0042735045,0.0042735045,0.0042735045,0.0042735045,0.0042735045,0.0042735045,0.0042735045,0.0042735045,0.0042735045,0.0042735045,0.0042735045,0.0042735045,0.0042735045,0.0042735045,0.0042735045,0.0042735045,0.0042735045,0.0042735045,0.0042735045,0.0042735045,0.0042735045,0.0042735045,0.0042735045,0.0042735045,0.0042735045,0.0042735045,0.0042735045,0.0042735045,0.0042735045,0.0042735045,0.0042735045,0.0042735045,0.0042735045,0.0042735045,0.0042735045,0.0042735045,0.0042735045,0.0042735045,0.0042735045,0.0042735045,0.0042735045,0.0042735045,0.0042735045,0.0042735045,0.0042735045,0.0042735045,0.0042735045,0.0042735045,0.0042735045,0.0042735045,0.0042735045,0.0042735045,0.0042735045,0.0042735045,0.0042735045,0.0042735045,0.0042735045,0.0042735045,0.0042735045,0.0042735045,0.0042735045,0.0042735045,0.0042735045,0.0042735045,0.0042735045,0.0042735045,0.0042735045,0.0042735045,0.0042735045,0.0042735045,0.0042735045,0.0042735045,0.0042735045,0.0042735045,0.2868823,0.0042735045,0.0042735045,0.0042735045,0.0042735045,0.0042735045,0.0042735045,0.0042735045,0.0042735045,0.0042735045,0.0042735045,0.0042735045,0.0042735045,0.0042735045,0.0042735045,0.0042735045,0.0042735045,0.0042735045,0.0042735045,0.0042735045,0.0042735045,0.0042735045,0.0042735045,0.0042735045,0.0042735045,0.0042735045,0.459494,0.8835243,0.0042735045,0.0042735045,0.0042735045,0.0042735045,0.0042735045,0.0042735045,0.0042735045,0.9344345,0.0042735045,0.0042735045,0.0042735045,0.0042735045,0.0042735045,0.0042735045,0.0042735045,0.0042735045,0.0042735045,0.0042735045,0.0042735045,0.0042735045,0.0042735045,0.0042735045,0.0042735045,0.0042735045,0.0042735045,0.0042735045,0.0042735045,0.2763943,0.0042735045,0.0042735045,0.0042735045,0.0042735045,0.0042735045,0.0042735045,0.0042735045,0.0042735045,0.0042735045,0.0042735045,0.0042735045,0.0042735045,0.0042735045,0.0042735045,0.0042735045,0.0042735045,0.0042735045,0.15476549,0.0042735045,0.0042735045,0.0042735045,0.0042735045,0.0042735045,0.0042735045,0.0042735045,0.0042735045,0.0042735045,0.0042735045,0.0042735045,0.0042735045,0.0042735045,0.0042735045,0.0042735045,0.0042735045,0.0042735045,0.0042735045,0.0042735045,0.0042735045,0.37168148,0.0042735045,0.0042735045,0.0042735045,0.0042735045,0.0042735045,0.0042735045,0.0042735045,0.0042735045,0.0042735045,0.0042735045,0.0042735045,0.0042735045,0.0042735045,0.0042735045,0.0042735045,0.0042735045,0.0042735045,0.0042735045,0.0042735045,0.0042735045,0.0042735045,0.0042735045,0.0042735045,0.0042735045,0.9093637,0.0042735045,0.0042735045,0.3125152,0.0042735045,0.0042735045,0.0042735045,0.0042735045,0.0042735045,0.0042735045,0.0042735045,0.0042735045,0.0042735045,0.0042735045,0.0042735045,0.0042735045,0.0042735045,0.0042735045,0.0042735045,0.0042735045,0.0042735045,0.0042735045,0.0042735045,0.0042735045,0.0042735045,0.0042735045,0.0042735045,0.0042735045,0.0042735045,0.0042735045,0.0042735045,0.0042735045,0.0042735045,0.0042735045,0.0042735045,0.0042735045,0.0042735045,0.0042735045,0.9515962
BC2026_Train_0004_S08_20250607_070007_40,0.0042735045,0.0042735045,0.0042735045,0.0042735045,0.0042735045,0.0042735045,0.0042735045,0.0042735045,0.0042735045,0.0042735045,0.0042735045,0.0042735045,0.0042735045,0.0042735045,0.0042735045,0.0042735045,0.0042735045,0.0042735045,0.0042735045,0.0042735045,0.0042735045,0.0042735045,0.0042735045,0.0042735045,0.0042735045,0.0042735045,0.0042735045,0.0042735045,0.0042735045,0.0042735045,0.0042735045,0.0042735045,0.0042735045,0.0042735045,0.0042735045,0.0042735045,0.0042735045,0.0042735045,0.0042735045,0.0042735045,0.0042735045,0.0042735045,0.0042735045,0.0042735045,0.0042735045,0.0042735045,0.0042735045,0.0042735045,0.0042735045,0.0042735045,0.0042735045,0.0042735045,0.0042735045,0.0042735045,0.0042735045,0.0042735045,0.0042735045,0.0042735045,0.0042735045,0.0042735045,0.0042735045,0.0042735045,0.0042735045,0.0042735045,0.0042735045,0.0042735045,0.0042735045,0.0042735045,0.0042735045,0.0042735045,0.0042735045,0.0042735045,0.0042735045,0.0042735045,0.0042735045,0.0042735045,0.3193318,0.0042735045,0.0042735045,0.0042735045,0.0042735045,0.0042735045,0.0042735045,0.0042735045,0.0042735045,0.0042735045,0.0042735045,0.0042735045,0.0042735045,0.0042735045,0.0042735045,0.0042735045,0.0042735045,0.0042735045,0.0042735045,0.0042735045,0.0042735045,0.0042735045,0.0042735045,0.0042735045,0.0042735045,0.0042735045,0.50414616,0.8669782,0.0042735045,0.0042735045,0.0042735045,0.0042735045,0.0042735045,0.0042735045,0.0042735045,0.95125055,0.0042735045,0.0042735045,0.0042735045,0.0042735045,0.0042735045,0.0042735045,0.0042735045,0.0042735045,0.0042735045,0.0042735045,0.0042735045,0.0042735045,0.0042735045,0.0042735045,0.0042735045,0.0042735045,0.0042735045,0.0042735045,0.0042735045,0.43323275,0.0042735045,0.0042735045,0.0042735045,0.0042735045,0.0042735045,0.0042735045,0.0042735045,0.0042735045,0.0042735045,0.0042735045,0.0042735045,0.0042735045,0.0042735045,0.0042735045,0.0042735045,0.0042735045,0.0042735045,0.03578235,0.0042735045,0.0042735045,0.0042735045,0.0042735045,0.0042735045,0.0042735045,0.0042735045,0.0042735045,0.0042735045,0.0042735045,0.0042735045,0.0042735045,0.0042735045,0.0042735045,0.0042735045,0.0042735045,0.0042735045,0.0042735045,0.0042735045,0.0042735045,0.40295827,0.0042735045,0.0042735045,0.0042735045,0.0042735045,0.0042735045,0.0042735045,0.0042735045,0.0042735045,0.0042735045,0.0042735045,0.0042735045,0.0042735045,0.0042735045,0.0042735045,0.0042735045,0.0042735045,0.0042735045,0.0042735045,0.0042735045,0.0042735045,0.0042735045,0.0042735045,0.0042735045,0.0042735045,0.8504429,0.0042735045,0.0042735045,0.08889712,0.0042735045,0.0042735045,0.0042735045,0.0042735045,0.0042735045,0.0042735045,0.0042735045,0.0042735045,0.0042735045,0.0042735045,0.0042735045,0.0042735045,0.0042735045,0.0042735045,0.0042735045,0.0042735045,0.0042735045,0.0042735045,0.0042735045,0.0042735045,0.0042735045,0.0042735045,0.0042735045,0.0042735045,0.0042735045,0.0042735045,0.0042735045,0.0042735045,0.0042735045,0.0042735045,0.0042735045,0.0042735045,0.0042735045,0.0042735045,0.97323
BC2026_Train_0004_S08_20250607_070007_45,0.0042735045,0.0042735045,0.0042735045,0.0042735045,0.0042735045,0.0042735045,0.0042735045,0.0042735045,0.0042735045,0.0042735045,0.0042735045,0.0042735045,0.0042735045,0.0042735045,0.0042735045,0.0042735045,0.0042735045,0.0042735045,0.0042735045,0.0042735045,0.0042735045,0.0042735045,0.0042735045,0.0042735045,0.0042735045,0.0042735045,0.0042735045,0.0042735045,0.0042735045,0.0042735045,0.0042735045,0.0042735045,0.0042735045,0.0042735045,0.0042735045,0.0042735045,0.0042735045,0.0042735045,0.0042735045,0.0042735045,0.0042735045,0.0042735045,0.0042735045,0.0042735045,0.0042735045,0.0042735045,0.0042735045,0.0042735045,0.0042735045,0.0042735045,0.0042735045,0.0042735045,0.0042735045,0.0042735045,0.0042735045,0.0042735045,0.0042735045,0.0042735045,0.0042735045,0.0042735045,0.0042735045,0.0042735045,0.0042735045,0.0042735045,0.0042735045,0.0042735045,0.0042735045,0.0042735045,0.0042735045,0.0042735045,0.0042735045,0.0042735045,0.0042735045,0.0042735045,0.0042735045,0.0042735045,0.51873094,0.0042735045,0.0042735045,0.0042735045,0.0042735045,0.0042735045,0.0042735045,0.0042735045,0.0042735045,0.0042735045,0.0042735045,0.0042735045,0.0042735045,0.0042735045,0.0042735045,0.0042735045,0.0042735045,0.0042735045,0.0042735045,0.0042735045,0.0042735045,0.0042735045,0.0042735045,0.0042735045,0.0042735045,0.0042735045,0.3670885,0.9090818,0.0042735045,0.0042735045,0.0042735045,0.0042735045,0.0042735045,0.0042735045,0.0042735045,0.92292535,0.0042735045,0.0042735045,0.0042735045,0.0042735045,0.0042735045,0.0042735045,0.0042735045,0.0042735045,0.0042735045,0.0042735045,0.0042735045,0.0042735045,0.0042735045,0.0042735045,0.0042735045,0.0042735045,0.0042735045,0.0042735045,0.0042735045,0.2877277,0.0042735045,0.0042735045,0.0042735045,0.0042735045,0.0042735045,0.0042735045,0.0042735045,0.0042735045,0.0042735045,0.0042735045,0.0042735045,0.0042735045,0.0042735045,0.0042735045,0.0042735045,0.0042735045,0.0042735045,0.024335846,0.0042735045,0.0042735045,0.0042735045,0.0042735045,0.0042735045,0.0042735045,0.0042735045,0.0042735045,0.0042735045,0.0042735045,0.0042735045,0.0042735045,0.0042735045,0.0042735045,0.0042735045,0.0042735045,0.0042735045,0.0042735045,0.0042735045,0.0042735045,0.42458877,0.0042735045,0.0042735045,0.0042735045,0.0042735045,0.0042735045,0.0042735045,0.0042735045,0.0042735045,0.0042735045,0.0042735045,0.0042735045,0.0042735045,0.0042735045,0.0042735045,0.0042735045,0.0042735045,0.0042735045,0.0042735045,0.0042735045,0.0042735045,0.0042735045,0.0042735045,0.0042735045,0.0042735045,0.784626,0.0042735045,0.0042735045,0.07051708,0.0042735045,0.0042735045,0.0042735045,0.0042735045,0.0042735045,0.0042735045,0.0042735045,0.0042735045,0.0042735045,0.0042735045,0.0042735045,0.0042735045,0.0042735045,0.0042735045,0.0042735045,0.0042735045,0.0042735045,0.0042735045,0.0042735045,0.0042735045,0.0042735045,0.0042735045,0.0042735045,0.0042735045,0.0042735045,0.0042735045,0.0042735045,0.0042735045,0.0042735045,0.0042735045,0.0042735045,0.0042735045,0.0042735045,0.0042735045,0.9721716
BC2026_Train_0004_S08_20250607_070007_50,0.0042735045,0.0042735045,0.0042735045,0.0042735045,0.0042735045,0.0042735045,0.0042735045,0.0042735045,0.0042735045,0.0042735045,0.0042735045,0.0042735045,0.0042735045,0.0042735045,0.0042735045,0.0042735045,0.0042735045,0.0042735045,0.0042735045,0.0042735045,0.0042735045,0.0042735045,0.0042735045,0.0042735045,0.0042735045,0.0042735045,0.0042735045,0.0042735045,0.0042735045,0.0042735045,0.0042735045,0.0042735045,0.0042735045,0.0042735045,0.0042735045,0.0042735045,0.0042735045,0.0042735045,0.0042735045,0.0042735045,0.0042735045,0.0042735045,0.0042735045,0.0042735045,0.0042735045,0.0042735045,0.0042735045,0.0042735045,0.0042735045,0.0042735045,0.0042735045,0.0042735045,0.0042735045,0.0042735045,0.0042735045,0.0042735045,0.0042735045,0.0042735045,0.0042735045,0.0042735045,0.0042735045,0.0042735045,0.0042735045,0.0042735045,0.0042735045,0.0042735045,0.0042735045,0.0042735045,0.0042735045,0.0042735045,0.0042735045,0.0042735045,0.0042735045,0.0042735045,0.0042735045,0.0042735045,0.463682,0.0042735045,0.0042735045,0.0042735045,0.0042735045,0.0042735045,0.0042735045,0.0042735045,0.0042735045,0.0042735045,0.0042735045,0.0042735045,0.0042735045,0.0042735045,0.0042735045,0.0042735045,0.0042735045,0.0042735045,0.0042735045,0.0042735045,0.0042735045,0.0042735045,0.0042735045,0.0042735045,0.0042735045,0.0042735045,0.4840841,0.87712556,0.0042735045,0.0042735045,0.0042735045,0.0042735045,0.0042735045,0.0042735045,0.0042735045,0.8610665,0.0042735045,0.0042735045,0.0042735045,0.0042735045,0.0042735045,0.0042735045,0.0042735045,0.0042735045,0.0042735045,0.0042735045,0.0042735045,0.0042735045,0.0042735045,0.0042735045,0.0042735045,0.0042735045,0.0042735045,0.0042735045,0.0042735045,0.30267617,0.0042735045,0.0042735045,0.0042735045,0.0042735045,0.0042735045,0.0042735045,0.0042735045,0.0042735045,0.0042735045,0.0042735045,0.0042735045,0.0042735045,0.0042735045,0.0042735045,0.0042735045,0.0042735045,0.0042735045,0.010313376,0.0042735045,0.0042735045,0.0042735045,0.0042735045,0.0042735045,0.0042735045,0.0042735045,0.0042735045,0.0042735045,0.0042735045,0.0042735045,0.0042735045,0.0042735045,0.0042735045,0.0042735045,0.0042735045,0.0042735045,0.0042735045,0.0042735045,0.0042735045,0.3740046,0.0042735045,0.0042735045,0.0042735045,0.0042735045,0.0042735045,0.0042735045,0.0042735045,0.0042735045,0.0042735045,0.0042735045,0.0042735045,0.0042735045,0.0042735045,0.0042735045,0.0042735045,0.0042735045,0.0042735045,0.0042735045,0.0042735045,0.0042735045,0.0042735045,0.0042735045,0.0042735045,0.0042735045,0.62984055,0.0042735045,0.0042735045,0.043012954,0.0042735045,0.0042735045,0.0042735045,0.0042735045,0.0042735045,0.0042735045,0.0042735045,0.0042735045,0.0042735045,0.0042735045,0.0042735045,0.0042735045,0.0042735045,0.0042735045,0.0042735045,0.0042735045,0.0042735045,0.0042735045,0.0042735045,0.0042735045,0.0042735045,0.0042735045,0.0042735045,0.0042735045,0.0042735045,0.0042735045,0.0042735045,0.0042735045,0.0042735045,0.0042735045,0.0042735045,0.0042735045,0.0042735045,0.0042735045,0.9639355
BC2026_Train_0004_S08_20250607_070007_55,0.0042735045,0.0042735045,0.0042735045,0.0042735045,0.0042735045,0.0042735045,0.0042735045,0.0042735045,0.0042735045,0.0042735045,0.0042735045,0.0042735045,0.0042735045,0.0042735045,0.0042735045,0.0042735045,0.0042735045,0.0042735045,0.0042735045,0.0042735045,0.0042735045,0.0042735045,0.0042735045,0.0042735045,0.0042735045,0.0042735045,0.0042735045,0.0042735045,0.0042735045,0.0042735045,0.0042735045,0.0042735045,0.0042735045,0.0042735045,0.0042735045,0.0042735045,0.0042735045,0.0042735045,0.0042735045,0.0042735045,0.0042735045,0.0042735045,0.0042735045,0.0042735045,0.0042735045,0.0042735045,0.0042735045,0.0042735045,0.0042735045,0.0042735045,0.0042735045,0.0042735045,0.0042735045,0.0042735045,0.0042735045,0.0042735045,0.0042735045,0.0042735045,0.0042735045,0.0042735045,0.0042735045,0.0042735045,0.0042735045,0.0042735045,0.0042735045,0.0042735045,0.0042735045,0.0042735045,0.0042735045,0.0042735045,0.0042735045,0.0042735045,0.0042735045,0.0042735045,0.0042735045,0.0042735045,0.55124897,0.0042735045,0.0042735045,0.0042735045,0.0042735045,0.0042735045,0.0042735045,0.0042735045,0.0042735045,0.0042735045,0.0042735045,0.0042735045,0.0042735045,0.0042735045,0.0042735045,0.0042735045,0.0042735045,0.0042735045,0.0042735045,0.0042735045,0.0042735045,0.0042735045,0.0042735045,0.0042735045,0.0042735045,0.0042735045,0.3524259,0.76029605,0.0042735045,0.0042735045,0.0042735045,0.0042735045,0.0042735045,0.0042735045,0.0042735045,0.86607754,0.0042735045,0.0042735045,0.0042735045,0.0042735045,0.0042735045,0.0042735045,0.0042735045,0.0042735045,0.0042735045,0.0042735045,0.0042735045,0.0042735045,0.0042735045,0.0042735045,0.0042735045,0.0042735045,0.0042735045,0.0042735045,0.0042735045,0.31636462,0.0042735045,0.0042735045,0.0042735045,0.0042735045,0.0042735045,0.0042735045,0.0042735045,0.0042735045,0.0042735045,0.0042735045,0.0042735045,0.0042735045,0.0042735045,0.0042735045,0.0042735045,0.0042735045,0.0042735045,0.0071901716,0.0042735045,0.0042735045,0.0042735045,0.0042735045,0.0042735045,0.0042735045,0.0042735045,0.0042735045,0.0042735045,0.0042735045,0.0042735045,0.0042735045,0.0042735045,0.0042735045,0.0042735045,0.0042735045,0.0042735045,0.0042735045,0.0042735045,0.0042735045,0.38256016,0.0042735045,0.0042735045,0.0042735045,0.0042735045,0.0042735045,0.0042735045,0.0042735045,0.0042735045,0.0042735045,0.0042735045,0.0042735045,0.0042735045,0.0042735045,0.0042735045,0.0042735045,0.0042735045,0.0042735045,0.0042735045,0.0042735045,0.0042735045,0.0042735045,0.0042735045,0.0042735045,0.0042735045,0.6783993,0.0042735045,0.0042735045,0.0607429,0.0042735045,0.0042735045,0.0042735045,0.0042735045,0.0042735045,0.0042735045,0.0042735045,0.0042735045,0.0042735045,0.0042735045,0.0042735045,0.0042735045,0.0042735045,0.0042735045,0.0042735045,0.0042735045,0.0042735045,0.0042735045,0.0042735045,0.0042735045,0.0042735045,0.0042735045,0.0042735045,0.0042735045,0.0042735045,0.0042735045,0.0042735045,0.0042735045,0.0042735045,0.0042735045,0.0042735045,0.0042735045,0.0042735045,0.0042735045,0.96962994
BC2026_Train_0004_S08_20250607_070007_60,0.0042735045,0.0042735045,0.0042735045,0.0042735045,0.0042735045,0.0042735045,0.0042735045,0.0042735045,0.0042735045,0.0042735045,0.0042735045,0.0042735045,0.0042735045,0.0042735045,0.0042735045,0.0042735045,0.0042735045,0.0042735045,0.0042735045,0.0042735045,0.0042735045,0.0042735045,0.0042735045,0.0042735045,0.0042735045,0.0042735045,0.0042735045,0.0042735045,0.0042735045,0.0042735045,0.0042735045,0.0042735045,0.0042735045,0.0042735045,0.0042735045,0.0042735045,0.0042735045,0.0042735045,0.0042735045,0.0042735045,0.0042735045,0.0042735045,0.0042735045,0.0042735045,0.0042735045,0.0042735045,0.0042735045,0.0042735045,0.0042735045,0.0042735045,0.0042735045,0.0042735045,0.0042735045,0.0042735045,0.0042735045,0.0042735045,0.0042735045,0.0042735045,0.0042735045,0.0042735045,0.0042735045,0.0042735045,0.0042735045,0.0042735045,0.0042735045,0.0042735045,0.0042735045,0.0042735045,0.0042735045,0.0042735045,0.0042735045,0.0042735045,0.0042735045,0.0042735045,0.0042735045,0.0042735045,0.53024864,0.0042735045,0.0042735045,0.0042735045,0.0042735045,0.0042735045,0.0042735045,0.0042735045,0.0042735045,0.0042735045,0.0042735045,0.0042735045,0.0042735045,0.0042735045,0.0042735045,0.0042735045,0.0042735045,0.0042735045,0.0042735045,0.0042735045,0.0042735045,0.0042735045,0.0042735045,0.0042735045,0.0042735045,0.0042735045,0.36248603,0.752807,0.0042735045,0.0042735045,0.0042735045,0.0042735045,0.0042735045,0.0042735045,0.0042735045,0.88317245,0.0042735045,0.0042735045,0.0042735045,0.0042735045,0.0042735045,0.0042735045,0.0042735045,0.0042735045,0.0042735045,0.0042735045,0.0042735045,0.0042735045,0.0042735045,0.0042735045,0.0042735045,0.0042735045,0.0042735045,0.0042735045,0.0042735045,0.53794557,0.0042735045,0.0042735045,0.0042735045,0.0042735045,0.0042735045,0.0042735045,0.0042735045,0.0042735045,0.0042735045,0.0042735045,0.0042735045,0.0042735045,0.0042735045,0.0042735045,0.0042735045,0.0042735045,0.0042735045,0.0055245887,0.0042735045,0.0042735045,0.0042735045,0.0042735045,0.0042735045,0.0042735045,0.0042735045,0.0042735045,0.0042735045,0.0042735045,0.0042735045,0.0042735045,0.0042735045,0.0042735045,0.0042735045,0.0042735045,0.0042735045,0.0042735045,0.0042735045,0.0042735045,0.22431809,0.0042735045,0.0042735045,0.0042735045,0.0042735045,0.0042735045,0.0042735045,0.0042735045,0.0042735045,0.0042735045,0.0042735045,0.0042735045,0.0042735045,0.0042735045,0.0042735045,0.0042735045,0.0042735045,0.0042735045,0.0042735045,0.0042735045,0.0042735045,0.0042735045,0.0042735045,0.0042735045,0.0042735045,0.7959064,0.0042735045,0.0042735045,0.11175317,0.0042735045,0.0042735045,0.0042735045,0.0042735045,0.0042735045,0.0042735045,0.0042735045,0.0042735045,0.0042735045,0.0042735045,0.0042735045,0.0042735045,0.0042735045,0.0042735045,0.0042735045,0.0042735045,0.0042735045,0.0042735045,0.0042735045,0.0042735045,0.0042735045,0.0042735045,0.0042735045,0.0042735045,0.0042735045,0.0042735045,0.0042735045,0.0042735045,0.0042735045,0.0042735045,0.0042735045,0.0042735045,0.0042735045,0.0042735045,0.97607136
BC2026_Train_0005_S08_20250607_070007_5,0.0042735045,0.0042735045,0.0042735045,0.0042735045,0.0042735045,0.0042735045,0.0042735045,0.0042735045,0.0042735045,0.0042735045,0.0042735045,0.0042735045,0.0042735045,0.0042735045,0.0042735045,0.0042735045,0.0042735045,0.0042735045,0.0042735045,0.0042735045,0.0042735045,0.0042735045,0.0042735045,0.0042735045,0.0042735045,0.0042735045,0.0042735045,0.0042735045,0.0042735045,0.0042735045,0.0042735045,0.0042735045,0.0042735045,0.0042735045,0.0042735045,0.0042735045,0.0042735045,0.0042735045,0.0042735045,0.0042735045,0.0042735045,0.0042735045,0.0042735045,0.0042735045,0.0042735045,0.0042735045,0.0042735045,0.0042735045,0.0042735045,0.0042735045,0.0042735045,0.0042735045,0.0042735045,0.0042735045,0.0042735045,0.0042735045,0.0042735045,0.0042735045,0.0042735045,0.0042735045,0.0042735045,0.0042735045,0.0042735045,0.0042735045,0.0042735045,0.0042735045,0.0042735045,0.0042735045,0.0042735045,0.0042735045,0.0042735045,0.0042735045,0.0042735045,0.0042735045,0.0042735045,0.0042735045,0.18951945,0.0042735045,0.0042735045,0.0042735045,0.0042735045,0.0042735045,0.0042735045,0.0042735045,0.0042735045,0.0042735045,0.0042735045,0.0042735045,0.0042735045,0.0042735045,0.0042735045,0.0042735045,0.0042735045,0.0042735045,0.0042735045,0.0042735045,0.0042735045,0.0042735045,0.0042735045,0.0042735045,0.0042735045,0.0042735045,0.47580308,0.7490721,0.0042735045,0.0042735045,0.0042735045,0.0042735045,0.0042735045,0.0042735045,0.0042735045,0.79429317,0.0042735045,0.0042735045,0.0042735045,0.0042735045,0.0042735045,0.0042735045,0.0042735045,0.0042735045,0.0042735045,0.0042735045,0.0042735045,0.0042735045,0.0042735045,0.0042735045,0.0042735045,0.0042735045,0.0042735045,0.0042735045,0.0042735045,0.40418628,0.0042735045,0.0042735045,0.0042735045,0.0042735045,0.0042735045,0.0042735045,0.0042735045,0.0042735045,0.0042735045,0.0042735045,0.0042735045,0.0042735045,0.0042735045,0.0042735045,0.0042735045,0.0042735045,0.0042735045,0.06669046,0.0042735045,0.0042735045,0.0042735045,0.0042735045,0.0042735045,0.0042735045,0.0042735045,0.0042735045,0.0042735045,0.0042735045,0.0042735045,0.0042735045,0.0042735045,0.0042735045,0.0042735045,0.0042735045,0.0042735045,0.0042735045,0.0042735045,0.0042735045,0.9479243,0.0042735045,0.0042735045,0.0042735045,0.0042735045,0.0042735045,0.0042735045,0.0042735045,0.0042735045,0.0042735045,0.0042735045,0.0042735045,0.0042735045,0.0042735045,0.0042735045,0.0042735045,0.0042735045,0.0042735045,0.0042735045,0.0042735045,0.0042735045,0.0042735045,0.0042735045,0.0042735045,0.0042735045,0.975343,0.0042735045,0.0042735045,0.01054598,0.0042735045,0.0042735045,0.0042735045,0.0042735045,0.0042735045,0.0042735045,0.0042735045,0.0042735045,0.0042735045,0.0042735045,0.0042735045,0.0042735045,0.0042735045,0.0042735045,0.0042735045,0.0042735045,0.0042735045,0.0042735045,0.0042735045,0.0042735045,0.0042735045,0.0042735045,0.0042735045,0.0042735045,0.0042735045,0.0042735045,0.0042735045,0.0042735045,0.0042735045,0.0042735045,0.0042735045,0.0042735045,0.0042735045,0.0042735045,0.9990527
BC2026_Train_0005_S08_20250607_070007_10,0.0042735045,0.0042735045,0.0042735045,0.0042735045,0.0042735045,0.0042735045,0.0042735045,0.0042735045,0.0042735045,0.0042735045,0.0042735045,0.0042735045,0.0042735045,0.0042735045,0.0042735045,0.0042735045,0.0042735045,0.0042735045,0.0042735045,0.0042735045,0.0042735045,0.0042735045,0.0042735045,0.0042735045,0.0042735045,0.0042735045,0.0042735045,0.0042735045,0.0042735045,0.0042735045,0.0042735045,0.0042735045,0.0042735045,0.0042735045,0.0042735045,0.0042735045,0.0042735045,0.0042735045,0.0042735045,0.0042735045,0.0042735045,0.0042735045,0.0042735045,0.0042735045,0.0042735045,0.0042735045,0.0042735045,0.0042735045,0.0042735045,0.0042735045,0.0042735045,0.0042735045,0.0042735045,0.0042735045,0.0042735045,0.0042735045,0.0042735045,0.0042735045,0.0042735045,0.0042735045,0.0042735045,0.0042735045,0.0042735045,0.0042735045,0.0042735045,0.0042735045,0.0042735045,0.0042735045,0.0042735045,0.0042735045,0.0042735045,0.0042735045,0.0042735045,0.0042735045,0.0042735045,0.0042735045,0.10908012,0.0042735045,0.0042735045,0.0042735045,0.0042735045,0.0042735045,0.0042735045,0.0042735045,0.0042735045,0.0042735045,0.0042735045,0.0042735045,0.0042735045,0.0042735045,0.0042735045,0.0042735045,0.0042735045,0.0042735045,0.0042735045,0.0042735045,0.0042735045,0.0042735045,0.0042735045,0.0042735045,0.0042735045,0.0042735045,0.5653427,0.5092349,0.0042735045,0.0042735045,0.0042735045,0.0042735045,0.0042735045,0.0042735045,0.0042735045,0.8495512,0.0042735045,0.0042735045,0.0042735045,0.0042735045,0.0042735045,0.0042735045,0.0042735045,0.0042735045,0.0042735045,0.0042735045,0.0042735045,0.0042735045,0.0042735045,0.0042735045,0.0042735045,0.0042735045,0.0042735045,0.0042735045,0.0042735045,0.23683684,0.0042735045,0.0042735045,0.0042735045,0.0042735045,0.0042735045,0.0042735045,0.0042735045,0.0042735045,0.0042735045,0.0042735045,0.0042735045,0.0042735045,0.0042735045,0.0042735045,0.0042735045,0.0042735045,0.0042735045,0.05432997,0.0042735045,0.0042735045,0.0042735045,0.0042735045,0.0042735045,0.0042735045,0.0042735045,0.0042735045,0.0042735045,0.0042735045,0.0042735045,0.0042735045,0.0042735045,0.0042735045,0.0042735045,0.0042735045,0.0042735045,0.0042735045,0.0042735045,0.0042735045,0.8704925,0.0042735045,0.0042735045,0.0042735045,0.0042735045,0.0042735045,0.0042735045,0.0042735045,0.0042735045,0.0042735045,0.0042735045,0.0042735045,0.0042735045,0.0042735045,0.0042735045,0.0042735045,0.0042735045,0.0042735045,0.0042735045,0.0042735045,0.0042735045,0.0042735045,0.0042735045,0.0042735045,0.0042735045,0.96473366,0.0042735045,0.0042735045,0.06950107,0.0042735045,0.0042735045,0.0042735045,0.0042735045,0.0042735045,0.0042735045,0.0042735045,0.0042735045,0.0042735045,0.0042735045,0.0042735045,0.0042735045,0.0042735045,0.0042735045,0.0042735045,0.0042735045,0.0042735045,0.0042735045,0.0042735045,0.0042735045,0.0042735045,0.0042735045,0.0042735045,0.0042735045,0.0042735045,0.0042735045,0.0042735045,0.0042735045,0.0042735045,0.0042735045,0.0042735045,0.0042735045,0.0042735045,0.0042735045,0.9959766
BC2026_Train_0005_S08_20250607_070007_15,0.0042735045,0.0042735045,0.0042735045,0.0042735045,0.0042735045,0.0042735045,0.0042735045,0.0042735045,0.0042735045,0.0042735045,0.0042735045,0.0042735045,0.0042735045,0.0042735045,0.0042735045,0.0042735045,0.0042735045,0.0042735045,0.0042735045,0.0042735045,0.0042735045,0.0042735045,0.0042735045,0.0042735045,0.0042735045,0.0042735045,0.0042735045,0.0042735045,0.0042735045,0.0042735045,0.0042735045,0.0042735045,0.0042735045,0.0042735045,0.0042735045,0.0042735045,0.0042735045,0.0042735045,0.0042735045,0.0042735045,0.0042735045,0.0042735045,0.0042735045,0.0042735045,0.0042735045,0.0042735045,0.0042735045,0.0042735045,0.0042735045,0.0042735045,0.0042735045,0.0042735045,0.0042735045,0.0042735045,0.0042735045,0.0042735045,0.0042735045,0.0042735045,0.0042735045,0.0042735045,0.0042735045,0.0042735045,0.0042735045,0.0042735045,0.0042735045,0.0042735045,0.0042735045,0.0042735045,0.0042735045,0.0042735045,0.0042735045,0.0042735045,0.0042735045,0.0042735045,0.0042735045,0.0042735045,0.23642911,0.0042735045,0.0042735045,0.0042735045,0.0042735045,0.0042735045,0.0042735045,0.0042735045,0.0042735045,0.0042735045,0.0042735045,0.0042735045,0.0042735045,0.0042735045,0.0042735045,0.0042735045,0.0042735045,0.0042735045,0.0042735045,0.0042735045,0.0042735045,0.0042735045,0.0042735045,0.0042735045,0.0042735045,0.0042735045,0.62612075,0.5533387,0.0042735045,0.0042735045,0.0042735045,0.0042735045,0.0042735045,0.0042735045,0.0042735045,0.8290503,0.0042735045,0.0042735045,0.0042735045,0.0042735045,0.0042735045,0.0042735045,0.0042735045,0.0042735045,0.0042735045,0.0042735045,0.0042735045,0.0042735045,0.0042735045,0.0042735045,0.0042735045,0.0042735045,0.0042735045,0.0042735045,0.0042735045,0.09866436,0.0042735045,0.0042735045,0.0042735045,0.0042735045,0.0042735045,0.0042735045,0.0042735045,0.0042735045,0.0042735045,0.0042735045,0.0042735045,0.0042735045,0.0042735045,0.0042735045,0.0042735045,0.0042735045,0.0042735045,0.07238967,0.0042735045,0.0042735045,0.0042735045,0.0042735045,0.0042735045,0.0042735045,0.0042735045,0.0042735045,0.0042735045,0.0042735045,0.0042735045,0.0042735045,0.0042735045,0.0042735045,0.0042735045,0.0042735045,0.0042735045,0.0042735045,0.0042735045,0.0042735045,0.83360475,0.0042735045,0.0042735045,0.0042735045,0.0042735045,0.0042735045,0.0042735045,0.0042735045,0.0042735045,0.0042735045,0.0042735045,0.0042735045,0.0042735045,0.0042735045,0.0042735045,0.0042735045,0.0042735045,0.0042735045,0.0042735045,0.0042735045,0.0042735045,0.0042735045,0.0042735045,0.0042735045,0.0042735045,0.92778605,0.0042735045,0.0042735045,0.08835235,0.0042735045,0.0042735045,0.0042735045,0.0042735045,0.0042735045,0.0042735045,0.0042735045,0.0042735045,0.0042735045,0.0042735045,0.0042735045,0.0042735045,0.0042735045,0.0042735045,0.0042735045,0.0042735045,0.0042735045,0.0042735045,0.0042735045,0.0042735045,0.0042735045,0.0042735045,0.0042735045,0.0042735045,0.0042735045,0.0042735045,0.0042735045,0.0042735045,0.0042735045,0.0042735045,0.0042735045,0.0042735045,0.0042735045,0.0042735045,0.9961935
BC2026_Train_0005_S08_20250607_070007_20,0.0042735045,0.0042735045,0.0042735045,0.0042735045,0.0042735045,0.0042735045,0.0042735045,0.0042735045,0.0042735045,0.0042735045,0.0042735045,0.0042735045,0.0042735045,0.0042735045,0.0042735045,0.0042735045,0.0042735045,0.0042735045,0.0042735045,0.0042735045,0.0042735045,0.0042735045,0.0042735045,0.0042735045,0.0042735045,0.0042735045,0.0042735045,0.0042735045,0.0042735045,0.0042735045,0.0042735045,0.0042735045,0.0042735045,0.0042735045,0.0042735045,0.0042735045,0.0042735045,0.0042735045,0.0042735045,0.0042735045,0.0042735045,0.0042735045,0.0042735045,0.0042735045,0.0042735045,0.0042735045,0.0042735045,0.0042735045,0.0042735045,0.0042735045,0.0042735045,0.0042735045,0.0042735045,0.0042735045,0.0042735045,0.0042735045,0.0042735045,0.0042735045,0.0042735045,0.0042735045,0.0042735045,0.0042735045,0.0042735045,0.0042735045,0.0042735045,0.0042735045,0.0042735045,0.0042735045,0.0042735045,0.0042735045,0.0042735045,0.0042735045,0.0042735045,0.0042735045,0.0042735045,0.0042735045,0.3431425,0.0042735045,0.0042735045,0.0042735045,0.0042735045,0.0042735045,0.0042735045,0.0042735045,0.0042735045,0.0042735045,0.0042735045,0.0042735045,0.0042735045,0.0042735045,0.0042735045,0.0042735045,0.0042735045,0.0042735045,0.0042735045,0.0042735045,0.0042735045,0.0042735045,0.0042735045,0.0042735045,0.0042735045,0.0042735045,0.64036095,0.54539853,0.0042735045,0.0042735045,0.0042735045,0.0042735045,0.0042735045,0.0042735045,0.0042735045,0.7508295,0.0042735045,0.0042735045,0.0042735045,0.0042735045,0.0042735045,0.0042735045,0.0042735045,0.0042735045,0.0042735045,0.0042735045,0.0042735045,0.0042735045,0.0042735045,0.0042735045,0.0042735045,0.0042735045,0.0042735045,0.0042735045,0.0042735045,0.22249594,0.0042735045,0.0042735045,0.0042735045,0.0042735045,0.0042735045,0.0042735045,0.0042735045,0.0042735045,0.0042735045,0.0042735045,0.0042735045,0.0042735045,0.0042735045,0.0042735045,0.0042735045,0.0042735045,0.0042735045,0.12975928,0.0042735045,0.0042735045,0.0042735045,0.0042735045,0.0042735045,0.0042735045,0.0042735045,0.0042735045,0.0042735045,0.0042735045,0.0042735045,0.0042735045,0.0042735045,0.0042735045,0.0042735045,0.0042735045,0.0042735045,0.0042735045,0.0042735045,0.0042735045,0.83364236,0.0042735045,0.0042735045,0.0042735045,0.0042735045,0.0042735045,0.0042735045,0.0042735045,0.0042735045,0.0042735045,0.0042735045,0.0042735045,0.0042735045,0.0042735045,0.0042735045,0.0042735045,0.0042735045,0.0042735045,0.0042735045,0.0042735045,0.0042735045,0.0042735045,0.0042735045,0.0042735045,0.0042735045,0.92366934,0.0042735045,0.0042735045,0.096355826,0.0042735045,0.0042735045,0.0042735045,0.0042735045,0.0042735045,0.0042735045,0.0042735045,0.0042735045,0.0042735045,0.0042735045,0.0042735045,0.0042735045,0.0042735045,0.0042735045,0.0042735045,0.0042735045,0.0042735045,0.0042735045,0.0042735045,0.0042735045,0.0042735045,0.0042735045,0.0042735045,0.0042735045,0.0042735045,0.0042735045,0.0042735045,0.0042735045,0.0042735045,0.0042735045,0.0042735045,0.0042735045,0.0042735045,0.0042735045,0.99392986
BC2026_Train_0005_S08_20250607_070007_25,0.0042735045,0.0042735045,0.0042735045,0.0042735045,0.0042735045,0.0042735045,0.0042735045,0.0042735045,0.0042735045,0.0042735045,0.0042735045,0.0042735045,0.0042735045,0.0042735045,0.0042735045,0.0042735045,0.0042735045,0.0042735045,0.0042735045,0.0042735045,0.0042735045,0.0042735045,0.0042735045,0.0042735045,0.0042735045,0.0042735045,0.0042735045,0.0042735045,0.0042735045,0.0042735045,0.0042735045,0.0042735045,0.0042735045,0.0042735045,0.0042735045,0.0042735045,0.0042735045,0.0042735045,0.0042735045,0.0042735045,0.0042735045,0.0042735045,0.0042735045,0.0042735045,0.0042735045,0.0042735045,0.0042735045,0.0042735045,0.0042735045,0.0042735045,0.0042735045,0.0042735045,0.0042735045,0.0042735045,0.0042735045,0.0042735045,0.0042735045,0.0042735045,0.0042735045,0.0042735045,0.0042735045,0.0042735045,0.0042735045,0.0042735045,0.0042735045,0.0042735045,0.0042735045,0.0042735045,0.0042735045,0.0042735045,0.0042735045,0.0042735045,0.0042735045,0.0042735045,0.0042735045,0.0042735045,0.53000325,0.0042735045,0.0042735045,0.0042735045,0.0042735045,0.0042735045,0.0042735045,0.0042735045,0.0042735045,0.0042735045,0.0042735045,0.0042735045,0.0042735045,0.0042735045,0.0042735045,0.0042735045,0.0042735045,0.0042735045,0.0042735045,0.0042735045,0.0042735045,0.0042735045,0.0042735045,0.0042735045,0.0042735045,0.0042735045,0.64665735,0.63880545,0.0042735045,0.0042735045,0.0042735045,0.0042735045,0.0042735045,0.0042735045,0.0042735045,0.758343,0.0042735045,0.0042735045,0.0042735045,0.0042735045,0.0042735045,0.0042735045,0.0042735045,0.0042735045,0.0042735045,0.0042735045,0.0042735045,0.0042735045,0.0042735045,0.0042735045,0.0042735045,0.0042735045,0.0042735045,0.0042735045,0.0042735045,0.72747314,0.0042735045,0.0042735045,0.0042735045,0.0042735045,0.0042735045,0.0042735045,0.0042735045,0.0042735045,0.0042735045,0.0042735045,0.0042735045,0.0042735045,0.0042735045,0.0042735045,0.0042735045,0.0042735045,0.0042735045,0.212034,0.0042735045,0.0042735045,0.0042735045,0.0042735045,0.0042735045,0.0042735045,0.0042735045,0.0042735045,0.0042735045,0.0042735045,0.0042735045,0.0042735045,0.0042735045,0.0042735045,0.0042735045,0.0042735045,0.0042735045,0.0042735045,0.0042735045,0.0042735045,0.8600747,0.0042735045,0.0042735045,0.0042735045,0.0042735045,0.0042735045,0.0042735045,0.0042735045,0.0042735045,0.0042735045,0.0042735045,0.0042735045,0.0042735045,0.0042735045,0.0042735045,0.0042735045,0.0042735045,0.0042735045,0.0042735045,0.0042735045,0.0042735045,0.0042735045,0.0042735045,0.0042735045,0.0042735045,0.9764232,0.0042735045,0.0042735045,0.05581531,0.0042735045,0.0042735045,0.0042735045,0.0042735045,0.0042735045,0.0042735045,0.0042735045,0.0042735045,0.0042735045,0.0042735045,0.0042735045,0.0042735045,0.0042735045,0.0042735045,0.0042735045,0.0042735045,0.0042735045,0.0042735045,0.0042735045,0.0042735045,0.0042735045,0.0042735045,0.0042735045,0.0042735045,0.0042735045,0.0042735045,0.0042735045,0.0042735045,0.0042735045,0.0042735045,0.0042735045,0.0042735045,0.0042735045,0.0042735045,0.9972299
BC2026_Train_0005_S08_20250607_070007_30,0.0042735045,0.0042735045,0.0042735045,0.0042735045,0.0042735045,0.0042735045,0.0042735045,0.0042735045,0.0042735045,0.0042735045,0.0042735045,0.0042735045,0.0042735045,0.0042735045,0.0042735045,0.0042735045,0.0042735045,0.0042735045,0.0042735045,0.0042735045,0.0042735045,0.0042735045,0.0042735045,0.0042735045,0.0042735045,0.0042735045,0.0042735045,0.0042735045,0.0042735045,0.0042735045,0.0042735045,0.0042735045,0.0042735045,0.0042735045,0.0042735045,0.0042735045,0.0042735045,0.0042735045,0.0042735045,0.0042735045,0.0042735045,0.0042735045,0.0042735045,0.0042735045,0.0042735045,0.0042735045,0.0042735045,0.0042735045,0.0042735045,0.0042735045,0.0042735045,0.0042735045,0.0042735045,0.0042735045,0.0042735045,0.0042735045,0.0042735045,0.0042735045,0.0042735045,0.0042735045,0.0042735045,0.0042735045,0.0042735045,0.0042735045,0.0042735045,0.0042735045,0.0042735045,0.0042735045,0.0042735045,0.0042735045,0.0042735045,0.0042735045,0.0042735045,0.0042735045,0.0042735045,0.0042735045,0.4306821,0.0042735045,0.0042735045,0.0042735045,0.0042735045,0.0042735045,0.0042735045,0.0042735045,0.0042735045,0.0042735045,0.0042735045,0.0042735045,0.0042735045,0.0042735045,0.0042735045,0.0042735045,0.0042735045,0.0042735045,0.0042735045,0.0042735045,0.0042735045,0.0042735045,0.0042735045,0.0042735045,0.0042735045,0.0042735045,0.7376704,0.7577624,0.0042735045,0.0042735045,0.0042735045,0.0042735045,0.0042735045,0.0042735045,0.0042735045,0.7899728,0.0042735045,0.0042735045,0.0042735045,0.0042735045,0.0042735045,0.0042735045,0.0042735045,0.0042735045,0.0042735045,0.0042735045,0.0042735045,0.0042735045,0.0042735045,0.0042735045,0.0042735045,0.0042735045,0.0042735045,0.0042735045,0.0042735045,0.9149572,0.0042735045,0.0042735045,0.0042735045,0.0042735045,0.0042735045,0.0042735045,0.0042735045,0.0042735045,0.0042735045,0.0042735045,0.0042735045,0.0042735045,0.0042735045,0.0042735045,0.0042735045,0.0042735045,0.0042735045,0.3213302,0.0042735045,0.0042735045,0.0042735045,0.0042735045,0.0042735045,0.0042735045,0.0042735045,0.0042735045,0.0042735045,0.0042735045,0.0042735045,0.0042735045,0.0042735045,0.0042735045,0.0042735045,0.0042735045,0.0042735045,0.0042735045,0.0042735045,0.0042735045,0.73535234,0.0042735045,0.0042735045,0.0042735045,0.0042735045,0.0042735045,0.0042735045,0.0042735045,0.0042735045,0.0042735045,0.0042735045,0.0042735045,0.0042735045,0.0042735045,0.0042735045,0.0042735045,0.0042735045,0.0042735045,0.0042735045,0.0042735045,0.0042735045,0.0042735045,0.0042735045,0.0042735045,0.0042735045,0.9843471,0.0042735045,0.0042735045,0.056873456,0.0042735045,0.0042735045,0.0042735045,0.0042735045,0.0042735045,0.0042735045,0.0042735045,0.0042735045,0.0042735045,0.0042735045,0.0042735045,0.0042735045,0.0042735045,0.0042735045,0.0042735045,0.0042735045,0.0042735045,0.0042735045,0.0042735045,0.0042735045,0.0042735045,0.0042735045,0.0042735045,0.0042735045,0.0042735045,0.0042735045,0.0042735045,0.0042735045,0.0042735045,0.0042735045,0.0042735045,0.0042735045,0.0042735045,0.0042735045,0.9978021
BC2026_Train_0005_S08_20250607_070007_35,0.0042735045,0.0042735045,0.0042735045,0.0042735045,0.0042735045,0.0042735045,0.0042735045,0.0042735045,0.0042735045,0.0042735045,0.0042735045,0.0042735045,0.0042735045,0.0042735045,0.0042735045,0.0042735045,0.0042735045,0.0042735045,0.0042735045,0.0042735045,0.0042735045,0.0042735045,0.0042735045,0.0042735045,0.0042735045,0.0042735045,0.0042735045,0.0042735045,0.0042735045,0.0042735045,0.0042735045,0.0042735045,0.0042735045,0.0042735045,0.0042735045,0.0042735045,0.0042735045,0.0042735045,0.0042735045,0.0042735045,0.0042735045,0.0042735045,0.0042735045,0.0042735045,0.0042735045,0.0042735045,0.0042735045,0.0042735045,0.0042735045,0.0042735045,0.0042735045,0.0042735045,0.0042735045,0.0042735045,0.0042735045,0.0042735045,0.0042735045,0.0042735045,0.0042735045,0.0042735045,0.0042735045,0.0042735045,0.0042735045,0.0042735045,0.0042735045,0.0042735045,0.0042735045,0.0042735045,0.0042735045,0.0042735045,0.0042735045,0.0042735045,0.0042735045,0.0042735045,0.0042735045,0.0042735045,0.42841372,0.0042735045,0.0042735045,0.0042735045,0.0042735045,0.0042735045,0.0042735045,0.0042735045,0.0042735045,0.0042735045,0.0042735045,0.0042735045,0.0042735045,0.0042735045,0.0042735045,0.0042735045,0.0042735045,0.0042735045,0.0042735045,0.0042735045,0.0042735045,0.0042735045,0.0042735045,0.0042735045,0.0042735045,0.0042735045,0.5331356,0.85095316,0.0042735045,0.0042735045,0.0042735045,0.0042735045,0.0042735045,0.0042735045,0.0042735045,0.8554434,0.0042735045,0.0042735045,0.0042735045,0.0042735045,0.0042735045,0.0042735045,0.0042735045,0.0042735045,0.0042735045,0.0042735045,0.0042735045,0.0042735045,0.0042735045,0.0042735045,0.0042735045,0.0042735045,0.0042735045,0.0042735045,0.0042735045,0.9193634,0.0042735045,0.0042735045,0.0042735045,0.0042735045,0.0042735045,0.0042735045,0.0042735045,0.0042735045,0.0042735045,0.0042735045,0.0042735045,0.0042735045,0.0042735045,0.0042735045,0.0042735045,0.0042735045,0.0042735045,0.21565796,0.0042735045,0.0042735045,0.0042735045,0.0042735045,0.0042735045,0.0042735045,0.0042735045,0.0042735045,0.0042735045,0.0042735045,0.0042735045,0.0042735045,0.0042735045,0.0042735045,0.0042735045,0.0042735045,0.0042735045,0.0042735045,0.0042735045,0.0042735045,0.7197229,0.0042735045,0.0042735045,0.0042735045,0.0042735045,0.0042735045,0.0042735045,0.0042735045,0.0042735045,0.0042735045,0.0042735045,0.0042735045,0.0042735045,0.0042735045,0.0042735045,0.0042735045,0.0042735045,0.0042735045,0.0042735045,0.0042735045,0.0042735045,0.0042735045,0.0042735045,0.0042735045,0.0042735045,0.9848845,0.0042735045,0.0042735045,0.15100375,0.0042735045,0.0042735045,0.0042735045,0.0042735045,0.0042735045,0.0042735045,0.0042735045,0.0042735045,0.0042735045,0.0042735045,0.0042735045,0.0042735045,0.0042735045,0.0042735045,0.0042735045,0.0042735045,0.0042735045,0.0042735045,0.0042735045,0.0042735045,0.0042735045,0.0042735045,0.0042735045,0.0042735045,0.0042735045,0.0042735045,0.0042735045,0.0042735045,0.0042735045,0.0042735045,0.0042735045,0.0042735045,0.0042735045,0.0042735045,0.99858534
BC2026_Train_0005_S08_20250607_070007_40,0.0042735045,0.0042735045,0.0042735045,0.0042735045,0.0042735045,0.0042735045,0.0042735045,0.0042735045,0.0042735045,0.0042735045,0.0042735045,0.0042735045,0.0042735045,0.0042735045,0.0042735045,0.0042735045,0.0042735045,0.0042735045,0.0042735045,0.0042735045,0.0042735045,0.0042735045,0.0042735045,0.0042735045,0.0042735045,0.0042735045,0.0042735045,0.0042735045,0.0042735045,0.0042735045,0.0042735045,0.0042735045,0.0042735045,0.0042735045,0.0042735045,0.0042735045,0.0042735045,0.0042735045,0.0042735045,0.0042735045,0.0042735045,0.0042735045,0.0042735045,0.0042735045,0.0042735045,0.0042735045,0.0042735045,0.0042735045,0.0042735045,0.0042735045,0.0042735045,0.0042735045,0.0042735045,0.0042735045,0.0042735045,0.0042735045,0.0042735045,0.0042735045,0.0042735045,0.0042735045,0.0042735045,0.0042735045,0.0042735045,0.0042735045,0.0042735045,0.0042735045,0.0042735045,0.0042735045,0.0042735045,0.0042735045,0.0042735045,0.0042735045,0.0042735045,0.0042735045,0.0042735045,0.0042735045,0.5507926,0.0042735045,0.0042735045,0.0042735045,0.0042735045,0.0042735045,0.0042735045,0.0042735045,0.0042735045,0.0042735045,0.0042735045,0.0042735045,0.0042735045,0.0042735045,0.0042735045,0.0042735045,0.0042735045,0.0042735045,0.0042735045,0.0042735045,0.0042735045,0.0042735045,0.0042735045,0.0042735045,0.0042735045,0.0042735045,0.36518407,0.731022,0.0042735045,0.0042735045,0.0042735045,0.0042735045,0.0042735045,0.0042735045,0.0042735045,0.82628936,0.0042735045,0.0042735045,0.0042735045,0.0042735045,0.0042735045,0.0042735045,0.0042735045,0.0042735045,0.0042735045,0.0042735045,0.0042735045,0.0042735045,0.0042735045,0.0042735045,0.0042735045,0.0042735045,0.0042735045,0.0042735045,0.0042735045,0.8092972,0.0042735045,0.0042735045,0.0042735045,0.0042735045,0.0042735045,0.0042735045,0.0042735045,0.0042735045,0.0042735045,0.0042735045,0.0042735045,0.0042735045,0.0042735045,0.0042735045,0.0042735045,0.0042735045,0.0042735045,0.13009545,0.0042735045,0.0042735045,0.0042735045,0.0042735045,0.0042735045,0.0042735045,0.0042735045,0.0042735045,0.0042735045,0.0042735045,0.0042735045,0.0042735045,0.0042735045,0.0042735045,0.0042735045,0.0042735045,0.0042735045,0.0042735045,0.0042735045,0.0042735045,0.65575683,0.0042735045,0.0042735045,0.0042735045,0.0042735045,0.0042735045,0.0042735045,0.0042735045,0.0042735045,0.0042735045,0.0042735045,0.0042735045,0.0042735045,0.0042735045,0.0042735045,0.0042735045,0.0042735045,0.0042735045,0.0042735045,0.0042735045,0.0042735045,0.0042735045,0.0042735045,0.0042735045,0.0042735045,0.9758625,0.0042735045,0.0042735045,0.15739317,0.0042735045,0.0042735045,0.0042735045,0.0042735045,0.0042735045,0.0042735045,0.0042735045,0.0042735045,0.0042735045,0.0042735045,0.0042735045,0.0042735045,0.0042735045,0.0042735045,0.0042735045,0.0042735045,0.0042735045,0.0042735045,0.0042735045,0.0042735045,0.0042735045,0.0042735045,0.0042735045,0.0042735045,0.0042735045,0.0042735045,0.0042735045,0.0042735045,0.0042735045,0.0042735045,0.0042735045,0.0042735045,0.0042735045,0.0042735045,0.9980495
BC2026_Train_0005_S08_20250607_070007_45,0.0042735045,0.0042735045,0.0042735045,0.0042735045,0.0042735045,0.0042735045,0.0042735045,0.0042735045,0.0042735045,0.0042735045,0.0042735045,0.0042735045,0.0042735045,0.0042735045,0.0042735045,0.0042735045,0.0042735045,0.0042735045,0.0042735045,0.0042735045,0.0042735045,0.0042735045,0.0042735045,0.0042735045,0.0042735045,0.0042735045,0.0042735045,0.0042735045,0.0042735045,0.0042735045,0.0042735045,0.0042735045,0.0042735045,0.0042735045,0.0042735045,0.0042735045,0.0042735045,0.0042735045,0.0042735045,0.0042735045,0.0042735045,0.0042735045,0.0042735045,0.0042735045,0.0042735045,0.0042735045,0.0042735045,0.0042735045,0.0042735045,0.0042735045,0.0042735045,0.0042735045,0.0042735045,0.0042735045,0.0042735045,0.0042735045,0.0042735045,0.0042735045,0.0042735045,0.0042735045,0.0042735045,0.0042735045,0.0042735045,0.0042735045,0.0042735045,0.0042735045,0.0042735045,0.0042735045,0.0042735045,0.0042735045,0.0042735045,0.0042735045,0.0042735045,0.0042735045,0.0042735045,0.0042735045,0.47884107,0.0042735045,0.0042735045,0.0042735045,0.0042735045,0.0042735045,0.0042735045,0.0042735045,0.0042735045,0.0042735045,0.0042735045,0.0042735045,0.0042735045,0.0042735045,0.0042735045,0.0042735045,0.0042735045,0.0042735045,0.0042735045,0.0042735045,0.0042735045,0.0042735045,0.0042735045,0.0042735045,0.0042735045,0.0042735045,0.226377,0.756777,0.0042735045,0.0042735045,0.0042735045,0.0042735045,0.0042735045,0.0042735045,0.0042735045,0.9027395,0.0042735045,0.0042735045,0.0042735045,0.0042735045,0.0042735045,0.0042735045,0.0042735045,0.0042735045,0.0042735045,0.0042735045,0.0042735045,0.0042735045,0.0042735045,0.0042735045,0.0042735045,0.0042735045,0.0042735045,0.0042735045,0.0042735045,0.6868753,0.0042735045,0.0042735045,0.0042735045,0.0042735045,0.0042735045,0.0042735045,0.0042735045,0.0042735045,0.0042735045,0.0042735045,0.0042735045,0.0042735045,0.0042735045,0.0042735045,0.0042735045,0.0042735045,0.0042735045,0.0864958,0.0042735045,0.0042735045,0.0042735045,0.0042735045,0.0042735045,0.0042735045,0.0042735045,0.0042735045,0.0042735045,0.0042735045,0.0042735045,0.0042735045,0.0042735045,0.0042735045,0.0042735045,0.0042735045,0.0042735045,0.0042735045,0.0042735045,0.0042735045,0.6706141,0.0042735045,0.0042735045,0.0042735045,0.0042735045,0.0042735045,0.0042735045,0.0042735045,0.0042735045,0.0042735045,0.0042735045,0.0042735045,0.0042735045,0.0042735045,0.0042735045,0.0042735045,0.0042735045,0.0042735045,0.0042735045,0.0042735045,0.0042735045,0.0042735045,0.0042735045,0.0042735045,0.0042735045,0.98271215,0.0042735045,0.0042735045,0.1007356,0.0042735045,0.0042735045,0.0042735045,0.0042735045,0.0042735045,0.0042735045,0.0042735045,0.0042735045,0.0042735045,0.0042735045,0.0042735045,0.0042735045,0.0042735045,0.0042735045,0.0042735045,0.0042735045,0.0042735045,0.0042735045,0.0042735045,0.0042735045,0.0042735045,0.0042735045,0.0042735045,0.0042735045,0.0042735045,0.0042735045,0.0042735045,0.0042735045,0.0042735045,0.0042735045,0.0042735045,0.0042735045,0.0042735045,0.0042735045,0.99863976
BC2026_Train_0005_S08_20250607_070007_50,0.0042735045,0.0042735045,0.0042735045,0.0042735045,0.0042735045,0.0042735045,0.0042735045,0.0042735045,0.0042735045,0.0042735045,0.0042735045,0.0042735045,0.0042735045,0.0042735045,0.0042735045,0.0042735045,0.0042735045,0.0042735045,0.0042735045,0.0042735045,0.0042735045,0.0042735045,0.0042735045,0.0042735045,0.0042735045,0.0042735045,0.0042735045,0.0042735045,0.0042735045,0.0042735045,0.0042735045,0.0042735045,0.0042735045,0.0042735045,0.0042735045,0.0042735045,0.0042735045,0.0042735045,0.0042735045,0.0042735045,0.0042735045,0.0042735045,0.0042735045,0.0042735045,0.0042735045,0.0042735045,0.0042735045,0.0042735045,0.0042735045,0.0042735045,0.0042735045,0.0042735045,0.0042735045,0.0042735045,0.0042735045,0.0042735045,0.0042735045,0.0042735045,0.0042735045,0.0042735045,0.0042735045,0.0042735045,0.0042735045,0.0042735045,0.0042735045,0.0042735045,0.0042735045,0.0042735045,0.0042735045,0.0042735045,0.0042735045,0.0042735045,0.0042735045,0.0042735045,0.0042735045,0.0042735045,0.52840054,0.0042735045,0.0042735045,0.0042735045,0.0042735045,0.0042735045,0.0042735045,0.0042735045,0.0042735045,0.0042735045,0.0042735045,0.0042735045,0.0042735045,0.0042735045,0.0042735045,0.0042735045,0.0042735045,0.0042735045,0.0042735045,0.0042735045,0.0042735045,0.0042735045,0.0042735045,0.0042735045,0.0042735045,0.0042735045,0.3388973,0.44453174,0.0042735045,0.0042735045,0.0042735045,0.0042735045,0.0042735045,0.0042735045,0.0042735045,0.82561165,0.0042735045,0.0042735045,0.0042735045,0.0042735045,0.0042735045,0.0042735045,0.0042735045,0.0042735045,0.0042735045,0.0042735045,0.0042735045,0.0042735045,0.0042735045,0.0042735045,0.0042735045,0.0042735045,0.0042735045,0.0042735045,0.0042735045,0.6946371,0.0042735045,0.0042735045,0.0042735045,0.0042735045,0.0042735045,0.0042735045,0.0042735045,0.0042735045,0.0042735045,0.0042735045,0.0042735045,0.0042735045,0.0042735045,0.0042735045,0.0042735045,0.0042735045,0.0042735045,0.09200698,0.0042735045,0.0042735045,0.0042735045,0.0042735045,0.0042735045,0.0042735045,0.0042735045,0.0042735045,0.0042735045,0.0042735045,0.0042735045,0.0042735045,0.0042735045,0.0042735045,0.0042735045,0.0042735045,0.0042735045,0.0042735045,0.0042735045,0.0042735045,0.569623,0.0042735045,0.0042735045,0.0042735045,0.0042735045,0.0042735045,0.0042735045,0.0042735045,0.0042735045,0.0042735045,0.0042735045,0.0042735045,0.0042735045,0.0042735045,0.0042735045,0.0042735045,0.0042735045,0.0042735045,0.0042735045,0.0042735045,0.0042735045,0.0042735045,0.0042735045,0.0042735045,0.0042735045,0.98526776,0.0042735045,0.0042735045,0.10667276,0.0042735045,0.0042735045,0.0042735045,0.0042735045,0.0042735045,0.0042735045,0.0042735045,0.0042735045,0.0042735045,0.0042735045,0.0042735045,0.0042735045,0.0042735045,0.0042735045,0.0042735045,0.0042735045,0.0042735045,0.0042735045,0.0042735045,0.0042735045,0.0042735045,0.0042735045,0.0042735045,0.0042735045,0.0042735045,0.0042735045,0.0042735045,0.0042735045,0.0042735045,0.0042735045,0.0042735045,0.0042735045,0.0042735045,0.0042735045,0.9984849
BC2026_Train_0005_S08_20250607_070007_55,0.0042735045,0.0042735045,0.0042735045,0.0042735045,0.0042735045,0.0042735045,0.0042735045,0.0042735045,0.0042735045,0.0042735045,0.0042735045,0.0042735045,0.0042735045,0.0042735045,0.0042735045,0.0042735045,0.0042735045,0.0042735045,0.0042735045,0.0042735045,0.0042735045,0.0042735045,0.0042735045,0.0042735045,0.0042735045,0.0042735045,0.0042735045,0.0042735045,0.0042735045,0.0042735045,0.0042735045,0.0042735045,0.0042735045,0.0042735045,0.0042735045,0.0042735045,0.0042735045,0.0042735045,0.0042735045,0.0042735045,0.0042735045,0.0042735045,0.0042735045,0.0042735045,0.0042735045,0.0042735045,0.0042735045,0.0042735045,0.0042735045,0.0042735045,0.0042735045,0.0042735045,0.0042735045,0.0042735045,0.0042735045,0.0042735045,0.0042735045,0.0042735045,0.0042735045,0.0042735045,0.0042735045,0.0042735045,0.0042735045,0.0042735045,0.0042735045,0.0042735045,0.0042735045,0.0042735045,0.0042735045,0.0042735045,0.0042735045,0.0042735045,0.0042735045,0.0042735045,0.0042735045,0.0042735045,0.46090958,0.0042735045,0.0042735045,0.0042735045,0.0042735045,0.0042735045,0.0042735045,0.0042735045,0.0042735045,0.0042735045,0.0042735045,0.0042735045,0.0042735045,0.0042735045,0.0042735045,0.0042735045,0.0042735045,0.0042735045,0.0042735045,0.0042735045,0.0042735045,0.0042735045,0.0042735045,0.0042735045,0.0042735045,0.0042735045,0.33270353,0.5771217,0.0042735045,0.0042735045,0.0042735045,0.0042735045,0.0042735045,0.0042735045,0.0042735045,0.80049616,0.0042735045,0.0042735045,0.0042735045,0.0042735045,0.0042735045,0.0042735045,0.0042735045,0.0042735045,0.0042735045,0.0042735045,0.0042735045,0.0042735045,0.0042735045,0.0042735045,0.0042735045,0.0042735045,0.0042735045,0.0042735045,0.0042735045,0.6268494,0.0042735045,0.0042735045,0.0042735045,0.0042735045,0.0042735045,0.0042735045,0.0042735045,0.0042735045,0.0042735045,0.0042735045,0.0042735045,0.0042735045,0.0042735045,0.0042735045,0.0042735045,0.0042735045,0.0042735045,0.16148934,0.0042735045,0.0042735045,0.0042735045,0.0042735045,0.0042735045,0.0042735045,0.0042735045,0.0042735045,0.0042735045,0.0042735045,0.0042735045,0.0042735045,0.0042735045,0.0042735045,0.0042735045,0.0042735045,0.0042735045,0.0042735045,0.0042735045,0.0042735045,0.42878652,0.0042735045,0.0042735045,0.0042735045,0.0042735045,0.0042735045,0.0042735045,0.0042735045,0.0042735045,0.0042735045,0.0042735045,0.0042735045,0.0042735045,0.0042735045,0.0042735045,0.0042735045,0.0042735045,0.0042735045,0.0042735045,0.0042735045,0.0042735045,0.0042735045,0.0042735045,0.0042735045,0.0042735045,0.98227626,0.0042735045,0.0042735045,0.18622358,0.0042735045,0.0042735045,0.0042735045,0.0042735045,0.0042735045,0.0042735045,0.0042735045,0.0042735045,0.0042735045,0.0042735045,0.0042735045,0.0042735045,0.0042735045,0.0042735045,0.0042735045,0.0042735045,0.0042735045,0.0042735045,0.0042735045,0.0042735045,0.0042735045,0.0042735045,0.0042735045,0.0042735045,0.0042735045,0.0042735045,0.0042735045,0.0042735045,0.0042735045,0.0042735045,0.0042735045,0.0042735045,0.0042735045,0.0042735045,0.9960387
BC2026_Train_0005_S08_20250607_070007_60,0.0042735045,0.0042735045,0.0042735045,0.0042735045,0.0042735045,0.0042735045,0.0042735045,0.0042735045,0.0042735045,0.0042735045,0.0042735045,0.0042735045,0.0042735045,0.0042735045,0.0042735045,0.0042735045,0.0042735045,0.0042735045,0.0042735045,0.0042735045,0.0042735045,0.0042735045,0.0042735045,0.0042735045,0.0042735045,0.0042735045,0.0042735045,0.0042735045,0.0042735045,0.0042735045,0.0042735045,0.0042735045,0.0042735045,0.0042735045,0.0042735045,0.0042735045,0.0042735045,0.0042735045,0.0042735045,0.0042735045,0.0042735045,0.0042735045,0.0042735045,0.0042735045,0.0042735045,0.0042735045,0.0042735045,0.0042735045,0.0042735045,0.0042735045,0.0042735045,0.0042735045,0.0042735045,0.0042735045,0.0042735045,0.0042735045,0.0042735045,0.0042735045,0.0042735045,0.0042735045,0.0042735045,0.0042735045,0.0042735045,0.0042735045,0.0042735045,0.0042735045,0.0042735045,0.0042735045,0.0042735045,0.0042735045,0.0042735045,0.0042735045,0.0042735045,0.0042735045,0.0042735045,0.0042735045,0.3049734,0.0042735045,0.0042735045,0.0042735045,0.0042735045,0.0042735045,0.0042735045,0.0042735045,0.0042735045,0.0042735045,0.0042735045,0.0042735045,0.0042735045,0.0042735045,0.0042735045,0.0042735045,0.0042735045,0.0042735045,0.0042735045,0.0042735045,0.0042735045,0.0042735045,0.0042735045,0.0042735045,0.0042735045,0.0042735045,0.42639038,0.39291322,0.0042735045,0.0042735045,0.0042735045,0.0042735045,0.0042735045,0.0042735045,0.0042735045,0.6309299,0.0042735045,0.0042735045,0.0042735045,0.0042735045,0.0042735045,0.0042735045,0.0042735045,0.0042735045,0.0042735045,0.0042735045,0.0042735045,0.0042735045,0.0042735045,0.0042735045,0.0042735045,0.0042735045,0.0042735045,0.0042735045,0.0042735045,0.8774566,0.0042735045,0.0042735045,0.0042735045,0.0042735045,0.0042735045,0.0042735045,0.0042735045,0.0042735045,0.0042735045,0.0042735045,0.0042735045,0.0042735045,0.0042735045,0.0042735045,0.0042735045,0.0042735045,0.0042735045,0.11860032,0.0042735045,0.0042735045,0.0042735045,0.0042735045,0.0042735045,0.0042735045,0.0042735045,0.0042735045,0.0042735045,0.0042735045,0.0042735045,0.0042735045,0.0042735045,0.0042735045,0.0042735045,0.0042735045,0.0042735045,0.0042735045,0.0042735045,0.0042735045,0.35925263,0.0042735045,0.0042735045,0.0042735045,0.0042735045,0.0042735045,0.0042735045,0.0042735045,0.0042735045,0.0042735045,0.0042735045,0.0042735045,0.0042735045,0.0042735045,0.0042735045,0.0042735045,0.0042735045,0.0042735045,0.0042735045,0.0042735045,0.0042735045,0.0042735045,0.0042735045,0.0042735045,0.0042735045,0.97902346,0.0042735045,0.0042735045,0.18536091,0.0042735045,0.0042735045,0.0042735045,0.0042735045,0.0042735045,0.0042735045,0.0042735045,0.0042735045,0.0042735045,0.0042735045,0.0042735045,0.0042735045,0.0042735045,0.0042735045,0.0042735045,0.0042735045,0.0042735045,0.0042735045,0.0042735045,0.0042735045,0.0042735045,0.0042735045,0.0042735045,0.0042735045,0.0042735045,0.0042735045,0.0042735045,0.0042735045,0.0042735045,0.0042735045,0.0042735045,0.0042735045,0.0042735045,0.0042735045,0.99790823
